{"type":"FeatureCollection","name":"seaside_heights_road_centerlines","metadata":{"source":"NJOGIS NG911 Road Centerlines (Tran_road)","url":"https://services2.arcgis.com/XVOqAjTOJ5P6ngMu/arcgis/rest/services/Tran_road/FeatureServer/0","query_url":"https://services2.arcgis.com/XVOqAjTOJ5P6ngMu/arcgis/rest/services/Tran_road/FeatureServer/0/query","retrieved_at_utc":"2026-09-04T20:05:58.733305+00:00","source_last_edit_date":1785341586960,"out_sr":4326,"query_envelope_wgs84":[-74.0890535,39.9367659,-74.0678943,39.9548317],"spatial_relationship":"esriSpatialRelIntersects","boundary_file":"seaside_heights_boundary.geojson","boundary_sha256":"6129bdb30ed8f81136e957f0d0356fa489e6477bdb62a6a075126dac6445bc07","fields":["OBJECTID","PRIMENAME","ELEVTYP_F","ELEVTYP_T"],"feature_count":466,"complete_objectid_inventory_verified":true,"municipal_clipping":"Envelope selection only; clip against the actual municipal boundary in the application."},"features":[{"type":"Feature","id":1398,"properties":{"OBJECTID":1398,"PRIMENAME":"Central Avenue","ELEVTYP_F":0,"ELEVTYP_T":0},"geometry":{"type":"LineString","coordinates":[[-74.0762003511851,39.9377068960482],[-74.0762620774555,39.9373382237124]]}},{"type":"Feature","id":1609,"properties":{"OBJECTID":1609,"PRIMENAME":"State Highway 37","ELEVTYP_F":0,"ELEVTYP_T":1},"geometry":{"type":"LineString","coordinates":[[-74.0813875500326,39.9410642453401],[-74.0814559140707,39.9410934748329],[-74.081524876672,39.9411218590298],[-74.0816028769368,39.9411526654714],[-74.0816815822267,39.9411823905388]]}},{"type":"Feature","id":1900,"properties":{"OBJECTID":1900,"PRIMENAME":"Coolidge Avenue","ELEVTYP_F":0,"ELEVTYP_T":0},"geometry":{"type":"LineString","coordinates":[[-74.0737929555768,39.952256204093],[-74.0739578782329,39.9522746101776],[-74.0753562403631,39.9524306712877],[-74.0767948448617,39.9525666945761]]}},{"type":"Feature","id":2995,"properties":{"OBJECTID":2995,"PRIMENAME":"Bay Boulevard","ELEVTYP_F":0,"ELEVTYP_T":0},"geometry":{"type":"LineString","coordinates":[[-74.0794570563385,39.941010526404],[-74.0794290339022,39.9411601307991]]}},{"type":"Feature","id":3075,"properties":{"OBJECTID":3075,"PRIMENAME":"West Central Avenue","ELEVTYP_F":0,"ELEVTYP_T":0},"geometry":{"type":"LineString","coordinates":[[-74.0742037995603,39.9486842817411],[-74.0742188009264,39.9485340150071],[-74.0742345426286,39.94838379314]]}},{"type":"Feature","id":3451,"properties":{"OBJECTID":3451,"PRIMENAME":"Washington Avenue","ELEVTYP_F":0,"ELEVTYP_T":0},"geometry":{"type":"LineString","coordinates":[[-74.0768816633316,39.9520352862232],[-74.0769344153344,39.9517123199221],[-74.0769775487573,39.9513637589387]]}},{"type":"Feature","id":3814,"properties":{"OBJECTID":3814,"PRIMENAME":"Harding Avenue","ELEVTYP_F":0,"ELEVTYP_T":0},"geometry":{"type":"LineString","coordinates":[[-74.0819223954745,39.9525689365944],[-74.0818815323706,39.9525659339655],[-74.0810273520482,39.9524856221145],[-74.0791371579355,39.9522986240358],[-74.0785726724039,39.9522422154088],[-74.0784947293028,39.9522305110083],[-74.0784495610736,39.9522084108076]]}},{"type":"Feature","id":3978,"properties":{"OBJECTID":3978,"PRIMENAME":"Sampson Avenue","ELEVTYP_F":0,"ELEVTYP_T":0},"geometry":{"type":"LineString","coordinates":[[-74.0726985218137,39.9475060439079],[-74.0714900775266,39.9473906157553],[-74.0702246848955,39.9472678257599],[-74.0701716722364,39.9472633463362]]}},{"type":"Feature","id":4021,"properties":{"OBJECTID":4021,"PRIMENAME":"Fremont Avenue","ELEVTYP_F":0,"ELEVTYP_T":0},"geometry":{"type":"LineString","coordinates":[[-74.0746893327515,39.9456252829144],[-74.0756773869867,39.9457237836562],[-74.0771292761411,39.9458635028466],[-74.0777653700617,39.9459253683079]]}},{"type":"Feature","id":4284,"properties":{"OBJECTID":4284,"PRIMENAME":"Lake Avenue","ELEVTYP_F":0,"ELEVTYP_T":0},"geometry":{"type":"LineString","coordinates":[[-74.0789501002027,39.9361914948023],[-74.0788633538582,39.9367286440304],[-74.0788518408063,39.9367915541311],[-74.0788293234526,39.9368286448739],[-74.0788050335898,39.9368450919758]]}},{"type":"Feature","id":5128,"properties":{"OBJECTID":5128,"PRIMENAME":"Prince Edward Avenue","ELEVTYP_F":0,"ELEVTYP_T":0},"geometry":{"type":"LineString","coordinates":[[-74.0876866665802,39.9418158203594],[-74.0879483959263,39.9411901989841]]}},{"type":"Feature","id":6358,"properties":{"OBJECTID":6358,"PRIMENAME":"Grant Avenue","ELEVTYP_F":0,"ELEVTYP_T":0},"geometry":{"type":"LineString","coordinates":[[-74.0706086301344,39.9424182122057],[-74.0710270656676,39.942459596159]]}},{"type":"Feature","id":7273,"properties":{"OBJECTID":7273,"PRIMENAME":"Sheridan Avenue","ELEVTYP_F":0,"ELEVTYP_T":0},"geometry":{"type":"LineString","coordinates":[[-74.0707283692156,39.9438613543701],[-74.0729111525714,39.9440693617126],[-74.0732578156378,39.9441026775241]]}},{"type":"Feature","id":8019,"properties":{"OBJECTID":8019,"PRIMENAME":"State Highway 35","ELEVTYP_F":0,"ELEVTYP_T":0},"geometry":{"type":"LineString","coordinates":[[-74.0775412048671,39.9490085693826],[-74.0776053528862,39.9489769908056],[-74.0777368564335,39.948903756332],[-74.077832983068,39.9488408258597]]}},{"type":"Feature","id":8040,"properties":{"OBJECTID":8040,"PRIMENAME":"Grant Avenue","ELEVTYP_F":0,"ELEVTYP_T":0},"geometry":{"type":"LineString","coordinates":[[-74.0734906881298,39.9427014938982],[-74.0724879324481,39.9426000380472],[-74.0710270656676,39.942459596159]]}},{"type":"Feature","id":8267,"properties":{"OBJECTID":8267,"PRIMENAME":"FR CO 629 to RT 37 WB","ELEVTYP_F":0,"ELEVTYP_T":0},"geometry":{"type":"LineString","coordinates":[[-74.0813814125389,39.9411016983309],[-74.0816815822267,39.9411823905388]]}},{"type":"Feature","id":8373,"properties":{"OBJECTID":8373,"PRIMENAME":"Bay Boulevard","ELEVTYP_F":0,"ELEVTYP_T":0},"geometry":{"type":"LineString","coordinates":[[-74.0791716019295,39.9421894290131],[-74.0791515307823,39.9423275861621],[-74.0791301342581,39.9425191364688]]}},{"type":"Feature","id":8524,"properties":{"OBJECTID":8524,"PRIMENAME":"Bay Boulevard","ELEVTYP_F":0,"ELEVTYP_T":0},"geometry":{"type":"LineString","coordinates":[[-74.0784210410501,39.9537568662963],[-74.0784482604589,39.9535881239119],[-74.0784719071382,39.9533622930391],[-74.0784816990013,39.9532315937372]]}},{"type":"Feature","id":8615,"properties":{"OBJECTID":8615,"PRIMENAME":"Hamilton Avenue","ELEVTYP_F":0,"ELEVTYP_T":0},"geometry":{"type":"LineString","coordinates":[[-74.0739462327995,39.9399346415289],[-74.074484719134,39.9399913068823],[-74.0752941554192,39.9400657645072],[-74.0755991148744,39.9400977117792]]}},{"type":"Feature","id":9714,"properties":{"OBJECTID":9714,"PRIMENAME":"Eisenhower Avenue","ELEVTYP_F":0,"ELEVTYP_T":0},"geometry":{"type":"LineString","coordinates":[[-74.0822583269825,39.9518700482772],[-74.0816918968751,39.951822542374]]}},{"type":"Feature","id":10245,"properties":{"OBJECTID":10245,"PRIMENAME":"Bay Boulevard","ELEVTYP_F":0,"ELEVTYP_T":0},"geometry":{"type":"LineString","coordinates":[[-74.0798869570578,39.9384358970522],[-74.0797761805134,39.9391183009169]]}},{"type":"Feature","id":10925,"properties":{"OBJECTID":10925,"PRIMENAME":"Blaine Avenue","ELEVTYP_F":0,"ELEVTYP_T":0},"geometry":{"type":"LineString","coordinates":[[-74.0772317673325,39.9423319408635],[-74.077232765961,39.9423320543921],[-74.0791301342581,39.9425191364688]]}},{"type":"Feature","id":10984,"properties":{"OBJECTID":10984,"PRIMENAME":"Ocean Boulevard","ELEVTYP_F":0,"ELEVTYP_T":0},"geometry":{"type":"LineString","coordinates":[[-74.0739462327995,39.9399346415289],[-74.0738341004048,39.9406187629328]]}},{"type":"Feature","id":12055,"properties":{"OBJECTID":12055,"PRIMENAME":"FR RT 35 SB to RT 37 WB","ELEVTYP_F":0,"ELEVTYP_T":0},"geometry":{"type":"LineString","coordinates":[[-74.0811992413307,39.9422133432569],[-74.08131129506,39.9421519515215],[-74.0814253368217,39.9420927685933],[-74.0814988875485,39.9420538822192],[-74.0815741330365,39.9420169669539],[-74.0816509841662,39.9419820665181],[-74.0817293499168,39.9419492222461],[-74.0818091374743,39.9419184730369],[-74.0818902523408,39.9418898553082],[-74.081972598447,39.9418634029532],[-74.0820560782658,39.9418391473007],[-74.0821801869458,39.9418078672522],[-74.0823058867636,39.9417806104976],[-74.0824329576997,39.9417574247457],[-74.0825611773359,39.9417383505795],[-74.0826903212435,39.9417234213856],[-74.0828201633768,39.9417126632951],[-74.0829504764682,39.9417060951384],[-74.0830810324262,39.9417037284122],[-74.0832691195957,39.9417091216596],[-74.0834852559354,39.9417180875725],[-74.0837011513612,39.9417300066731],[-74.08398396367,39.9417433274751],[-74.0842661349729,39.9417631275817],[-74.0845474148119,39.9417893894185],[-74.08482755352,39.9418220896756]]}},{"type":"Feature","id":12527,"properties":{"OBJECTID":12527,"PRIMENAME":"State Highway 35","ELEVTYP_F":0,"ELEVTYP_T":0},"geometry":{"type":"LineString","coordinates":[[-74.0800774926331,39.9430197886412],[-74.0802386224651,39.9428646538584],[-74.080454491427,39.9426734892912],[-74.0805832837245,39.9425594338894],[-74.0808670373969,39.9423043705883],[-74.0810595929994,39.9421304872725],[-74.0810612644903,39.9421288720255],[-74.0812416970135,39.9419542771646]]}},{"type":"Feature","id":13428,"properties":{"OBJECTID":13428,"PRIMENAME":"Hiering Avenue","ELEVTYP_F":0,"ELEVTYP_T":0},"geometry":{"type":"LineString","coordinates":[[-74.0783214999396,39.9488214360377],[-74.0783793656612,39.9488142065953],[-74.0784536113977,39.9488116213168],[-74.0790089886859,39.9488538598346]]}},{"type":"Feature","id":17368,"properties":{"OBJECTID":17368,"PRIMENAME":"Porter Avenue","ELEVTYP_F":0,"ELEVTYP_T":0},"geometry":{"type":"LineString","coordinates":[[-74.0721820361664,39.9369204965284],[-74.072653334766,39.9369732123969],[-74.0743988005625,39.9371371840653]]}},{"type":"Feature","id":19495,"properties":{"OBJECTID":19495,"PRIMENAME":"7th Avenue","ELEVTYP_F":0,"ELEVTYP_T":0},"geometry":{"type":"LineString","coordinates":[[-74.0715180247615,39.9547111367697],[-74.0708343299902,39.9546450796494],[-74.0685756676084,39.9544304358093]]}},{"type":"Feature","id":20581,"properties":{"OBJECTID":20581,"PRIMENAME":"Sunset Drive North","ELEVTYP_F":0,"ELEVTYP_T":0},"geometry":{"type":"LineString","coordinates":[[-74.0863279688949,39.9425521798014],[-74.0871078764315,39.9431731655436]]}},{"type":"Feature","id":21696,"properties":{"OBJECTID":21696,"PRIMENAME":"Bayside Terrace","ELEVTYP_F":0,"ELEVTYP_T":0},"geometry":{"type":"LineString","coordinates":[[-74.0812325924472,39.9500549731937],[-74.0814141093915,39.9507533944316]]}},{"type":"Feature","id":21981,"properties":{"OBJECTID":21981,"PRIMENAME":"Prince Edward Avenue","ELEVTYP_F":0,"ELEVTYP_T":0},"geometry":{"type":"LineString","coordinates":[[-74.0873915493496,39.9424590303093],[-74.0871078764315,39.9431731655436]]}},{"type":"Feature","id":23339,"properties":{"OBJECTID":23339,"PRIMENAME":"Bay Boulevard","ELEVTYP_F":0,"ELEVTYP_T":0},"geometry":{"type":"LineString","coordinates":[[-74.0785228104922,39.9467019378326],[-74.0785134243066,39.9467550818716],[-74.0784752752626,39.9469150811365],[-74.0784298119512,39.9470579222066],[-74.0783769293556,39.9472007101531],[-74.0783248093171,39.9473645018933]]}},{"type":"Feature","id":23967,"properties":{"OBJECTID":23967,"PRIMENAME":"Washington Avenue","ELEVTYP_F":0,"ELEVTYP_T":0},"geometry":{"type":"LineString","coordinates":[[-74.076629172959,39.9535808916113],[-74.0767121026248,39.9530732165818]]}},{"type":"Feature","id":26357,"properties":{"OBJECTID":26357,"PRIMENAME":"Tunney Terrace","ELEVTYP_F":0,"ELEVTYP_T":0},"geometry":{"type":"LineString","coordinates":[[-74.0798478990711,39.949923977759],[-74.0800199440582,39.9505740219465],[-74.0800471890613,39.9506769614114]]}},{"type":"Feature","id":30057,"properties":{"OBJECTID":30057,"PRIMENAME":"Boulevard Boulevard","ELEVTYP_F":0,"ELEVTYP_T":0},"geometry":{"type":"LineString","coordinates":[[-74.0726985218137,39.9475060439079],[-74.072581301121,39.9482240508849]]}},{"type":"Feature","id":30065,"properties":{"OBJECTID":30065,"PRIMENAME":"Dupont Avenue","ELEVTYP_F":0,"ELEVTYP_T":0},"geometry":{"type":"LineString","coordinates":[[-74.0779020239558,39.9382449391165],[-74.0783589359424,39.9382895945817],[-74.0794727896295,39.9383994199181],[-74.0798869570578,39.9384358970522]]}},{"type":"Feature","id":30260,"properties":{"OBJECTID":30260,"PRIMENAME":"Coolidge Avenue","ELEVTYP_F":0,"ELEVTYP_T":0},"geometry":{"type":"LineString","coordinates":[[-74.0784888062281,39.9527363255209],[-74.0785647849137,39.9527484064881],[-74.0786428176207,39.9527515183633],[-74.0787394161486,39.9527518694099],[-74.0788509418577,39.9527437367425],[-74.0789290258409,39.9527325714064],[-74.0792080949505,39.952673489071],[-74.0793383116552,39.952648237265],[-74.0794386727654,39.9526399806549],[-74.079535306256,39.9526403311649],[-74.079635526829,39.9526550258491],[-74.0797319501598,39.9526782445421],[-74.0798357583052,39.952718702549],[-74.0799024323453,39.9527532613439],[-74.0800208896854,39.9528308906585],[-74.0801652458756,39.9529257722301],[-74.0802207728073,39.9529574361128],[-74.0802763875987,39.9529804786603],[-74.0803616990679,39.9530008283598],[-74.0804694116227,39.9530155494416],[-74.081691235262,39.9531257442293],[-74.0821927280537,39.9531713687291]]}},{"type":"Feature","id":31816,"properties":{"OBJECTID":31816,"PRIMENAME":"West Central Avenue","ELEVTYP_F":0,"ELEVTYP_T":0},"geometry":{"type":"LineString","coordinates":[[-74.0746893327515,39.9456252829144],[-74.0746807325559,39.945677660322],[-74.0745746906288,39.9463051681036]]}},{"type":"Feature","id":33066,"properties":{"OBJECTID":33066,"PRIMENAME":"State Highway 37","ELEVTYP_F":0,"ELEVTYP_T":0},"geometry":{"type":"LineString","coordinates":[[-74.0841720332999,39.9417144657965],[-74.0846210645119,39.941777314117],[-74.08482755352,39.9418220896756]]}},{"type":"Feature","id":37088,"properties":{"OBJECTID":37088,"PRIMENAME":"Kearney Avenue","ELEVTYP_F":0,"ELEVTYP_T":0},"geometry":{"type":"LineString","coordinates":[[-74.0729228385677,39.9461423608006],[-74.0704485638718,39.9459075775591],[-74.0703931669788,39.9459024030595]]}},{"type":"Feature","id":37636,"properties":{"OBJECTID":37636,"PRIMENAME":"Bay Boulevard","ELEVTYP_F":0,"ELEVTYP_T":0},"geometry":{"type":"LineString","coordinates":[[-74.0794290339022,39.9411601307991],[-74.0794139972114,39.9412916617069],[-74.0793746038147,39.9415217748693],[-74.0793498250586,39.9416774302929]]}},{"type":"Feature","id":39706,"properties":{"OBJECTID":39706,"PRIMENAME":"FR CO 629 to RT 37 WB","ELEVTYP_F":0,"ELEVTYP_T":0},"geometry":{"type":"LineString","coordinates":[[-74.079545006516,39.9404980619891],[-74.0796888090793,39.9405295517784],[-74.0797607115866,39.9405452957099],[-74.0800603068249,39.940626794373]]}},{"type":"Feature","id":41075,"properties":{"OBJECTID":41075,"PRIMENAME":"Ocean Boulevard","ELEVTYP_F":0,"ELEVTYP_T":0},"geometry":{"type":"LineString","coordinates":[[-74.0740569556863,39.9392589418455],[-74.0739462327995,39.9399346415289]]}},{"type":"Feature","id":42123,"properties":{"OBJECTID":42123,"PRIMENAME":"Sherman Avenue","ELEVTYP_F":0,"ELEVTYP_T":0},"geometry":{"type":"LineString","coordinates":[[-74.0771124503178,39.9437879865529],[-74.07579754453,39.9436577737955],[-74.0750238968363,39.9435857566814]]}},{"type":"Feature","id":49250,"properties":{"OBJECTID":49250,"PRIMENAME":"Ocean Terrace","ELEVTYP_F":0,"ELEVTYP_T":0},"geometry":{"type":"LineString","coordinates":[[-74.0711877572744,39.9417435630774],[-74.0712220996407,39.9416415076034],[-74.0712390100274,39.9415608282678],[-74.0712594643092,39.941432227794],[-74.0713187377411,39.9410614632478]]}},{"type":"Feature","id":51220,"properties":{"OBJECTID":51220,"PRIMENAME":"Ocean Terrace","ELEVTYP_F":0,"ELEVTYP_T":0},"geometry":{"type":"LineString","coordinates":[[-74.0714650071983,39.9403864470752],[-74.0715057734819,39.9403005569482],[-74.0715191030621,39.9402678264904],[-74.0715292571483,39.9402123520508],[-74.0715905122004,39.9398493371536],[-74.0716005401654,39.9398140679783],[-74.0716488003608,39.9397103884363]]}},{"type":"Feature","id":51423,"properties":{"OBJECTID":51423,"PRIMENAME":"8th Avenue","ELEVTYP_F":0,"ELEVTYP_T":0},"geometry":{"type":"LineString","coordinates":[[-74.0748150012062,39.9543408715639],[-74.0750485600813,39.9543628676484],[-74.0764774966757,39.9545113226181]]}},{"type":"Feature","id":52829,"properties":{"OBJECTID":52829,"PRIMENAME":"Fort Avenue","ELEVTYP_F":0,"ELEVTYP_T":0},"geometry":{"type":"LineString","coordinates":[[-74.0733368911366,39.952692057867],[-74.0718730300787,39.9525339074995]]}},{"type":"Feature","id":52882,"properties":{"OBJECTID":52882,"PRIMENAME":"State Highway 37","ELEVTYP_F":0,"ELEVTYP_T":0},"geometry":{"type":"LineString","coordinates":[[-74.0810559140958,39.9409076732242],[-74.0810860892928,39.9409233571713],[-74.0811166077599,39.940938642523],[-74.0811474606118,39.940953524829],[-74.0811786388658,39.9409679997563],[-74.0812302766027,39.9409928128587],[-74.0812823131367,39.9410171273417],[-74.0813347403422,39.9410409394083],[-74.0813875500326,39.9410642453401]]}},{"type":"Feature","id":54047,"properties":{"OBJECTID":54047,"PRIMENAME":"Boulevard Boulevard","ELEVTYP_F":0,"ELEVTYP_T":0},"geometry":{"type":"LineString","coordinates":[[-74.0731459493445,39.9447818303894],[-74.0730343528318,39.9454631520766]]}},{"type":"Feature","id":54495,"properties":{"OBJECTID":54495,"PRIMENAME":"State Highway 37","ELEVTYP_F":1,"ELEVTYP_T":0},"geometry":{"type":"LineString","coordinates":[[-74.0817952541057,39.941222993222],[-74.0819132479048,39.9412623755976],[-74.0820738449034,39.9413173830473],[-74.0822366903254,39.9413683237698],[-74.0824016104145,39.9414151434097],[-74.0825684291998,39.9414577920091],[-74.0827504949139,39.9415010219373],[-74.0829337797392,39.9415410837855],[-74.0831181906403,39.9415779572177],[-74.0833036340095,39.9416116235164]]}},{"type":"Feature","id":54615,"properties":{"OBJECTID":54615,"PRIMENAME":"Washington Avenue","ELEVTYP_F":0,"ELEVTYP_T":0},"geometry":{"type":"LineString","coordinates":[[-74.0764774966757,39.9545113226181],[-74.0765637032826,39.9539816427233],[-74.076629172959,39.9535808916113]]}},{"type":"Feature","id":54993,"properties":{"OBJECTID":54993,"PRIMENAME":"West Central Avenue","ELEVTYP_F":0,"ELEVTYP_T":0},"geometry":{"type":"LineString","coordinates":[[-74.0749126359118,39.9442621411608],[-74.0748009860542,39.9449437121394]]}},{"type":"Feature","id":56163,"properties":{"OBJECTID":56163,"PRIMENAME":"Barnegat Avenue","ELEVTYP_F":0,"ELEVTYP_T":0},"geometry":{"type":"LineString","coordinates":[[-74.0771367806661,39.9430571715109],[-74.0771211960588,39.9430163185991],[-74.0771208179187,39.9429617933577],[-74.0771688831337,39.9427150494354],[-74.0772317673325,39.9423319408635]]}},{"type":"Feature","id":56436,"properties":{"OBJECTID":56436,"PRIMENAME":"Washington Avenue","ELEVTYP_F":0,"ELEVTYP_T":0},"geometry":{"type":"LineString","coordinates":[[-74.0770691845448,39.950350856381],[-74.0771164147116,39.9498082631701],[-74.0771251146102,39.9497083120882],[-74.0771402000655,39.9496740499221]]}},{"type":"Feature","id":58081,"properties":{"OBJECTID":58081,"PRIMENAME":"Hamilton Avenue","ELEVTYP_F":0,"ELEVTYP_T":0},"geometry":{"type":"LineString","coordinates":[[-74.0716488003608,39.9397103884363],[-74.0712730804619,39.9396734746157]]}},{"type":"Feature","id":60309,"properties":{"OBJECTID":60309,"PRIMENAME":"Eisenhower Avenue","ELEVTYP_F":0,"ELEVTYP_T":0},"geometry":{"type":"LineString","coordinates":[[-74.0721422696209,39.9508931372446],[-74.0717234256038,39.9508391025635]]}},{"type":"Feature","id":60454,"properties":{"OBJECTID":60454,"PRIMENAME":"Barnegat Avenue","ELEVTYP_F":0,"ELEVTYP_T":0},"geometry":{"type":"LineString","coordinates":[[-74.0777892458932,39.9389305727603],[-74.0777942166876,39.9388995134809],[-74.0779020239558,39.9382449391165]]}},{"type":"Feature","id":60623,"properties":{"OBJECTID":60623,"PRIMENAME":"Ocean Terrace","ELEVTYP_F":0,"ELEVTYP_T":0},"geometry":{"type":"LineString","coordinates":[[-74.0718259312858,39.9390383688451],[-74.071864791727,39.9389548602284],[-74.0718813814337,39.9389195882315],[-74.0718948520389,39.9388641539146],[-74.0719664299396,39.938417963364],[-74.0719749342035,39.9383638833882]]}},{"type":"Feature","id":61097,"properties":{"OBJECTID":61097,"PRIMENAME":"Barnegat Avenue","ELEVTYP_F":0,"ELEVTYP_T":0},"geometry":{"type":"LineString","coordinates":[[-74.0765858474236,39.9478911525114],[-74.0765661203965,39.9480071005202],[-74.0764620700696,39.9486030443517]]}},{"type":"Feature","id":62933,"properties":{"OBJECTID":62933,"PRIMENAME":"Sumner Avenue","ELEVTYP_F":0,"ELEVTYP_T":0},"geometry":{"type":"LineString","coordinates":[[-74.0737223870027,39.9412981650381],[-74.0729430134588,39.9412223516167],[-74.0718773354836,39.94111975259],[-74.0715812240815,39.9410927146027],[-74.0713187377411,39.9410614632478]]}},{"type":"Feature","id":63268,"properties":{"OBJECTID":63268,"PRIMENAME":"Central Avenue","ELEVTYP_F":1,"ELEVTYP_T":1},"geometry":{"type":"LineString","coordinates":[[-74.0816815822267,39.9411823905388],[-74.0817098670685,39.9411927607435],[-74.0817382415114,39.9412029848969],[-74.0817667042828,39.9412130625404],[-74.0817952541057,39.941222993222]]}},{"type":"Feature","id":64151,"properties":{"OBJECTID":64151,"PRIMENAME":"Fielder Avenue","ELEVTYP_F":0,"ELEVTYP_T":0},"geometry":{"type":"LineString","coordinates":[[-74.0782719129454,39.9537419926615],[-74.0784210410501,39.9537568662963]]}},{"type":"Feature","id":64175,"properties":{"OBJECTID":64175,"PRIMENAME":"8th Avenue","ELEVTYP_F":0,"ELEVTYP_T":0},"geometry":{"type":"LineString","coordinates":[[-74.0716314208617,39.9540322121134],[-74.0719490051709,39.9540629249326],[-74.0730966165933,39.9541701080191]]}},{"type":"Feature","id":64836,"properties":{"OBJECTID":64836,"PRIMENAME":"Central Avenue","ELEVTYP_F":0,"ELEVTYP_T":0},"geometry":{"type":"LineString","coordinates":[[-74.0789541002424,39.9370572547411],[-74.0788982834892,39.9370521503368],[-74.0786615386506,39.9370356961617],[-74.078349115154,39.937030717045],[-74.0781273603073,39.9370299103817],[-74.0779912336669,39.9370294149926],[-74.0779056655241,39.9370252322373],[-74.0778048694417,39.9370093260991],[-74.0777043465921,39.936977909645],[-74.0776088763761,39.9369310552306],[-74.0775235236843,39.9368686435144],[-74.0774634796068,39.9368024806166],[-74.0774219541547,39.936729137124]]}},{"type":"Feature","id":66646,"properties":{"OBJECTID":66646,"PRIMENAME":"Harding Avenue","ELEVTYP_F":0,"ELEVTYP_T":0},"geometry":{"type":"LineString","coordinates":[[-74.0784495610736,39.9522084108076],[-74.0783871762346,39.9521958027455],[-74.0782919650339,39.9521846397873]]}},{"type":"Feature","id":67007,"properties":{"OBJECTID":67007,"PRIMENAME":"Barnegat Avenue","ELEVTYP_F":0,"ELEVTYP_T":0},"geometry":{"type":"LineString","coordinates":[[-74.0776810714146,39.9396096891905],[-74.0777892458932,39.9389305727603]]}},{"type":"Feature","id":67233,"properties":{"OBJECTID":67233,"PRIMENAME":"Tarpon Drive","ELEVTYP_F":0,"ELEVTYP_T":0},"geometry":{"type":"LineString","coordinates":[[-74.0729506279289,39.949275263955],[-74.0739168185047,39.9493571449661]]}},{"type":"Feature","id":67677,"properties":{"OBJECTID":67677,"PRIMENAME":"8th Avenue","ELEVTYP_F":0,"ELEVTYP_T":0},"geometry":{"type":"LineString","coordinates":[[-74.0686708973976,39.9537459836337],[-74.0716314208617,39.9540322121134]]}},{"type":"Feature","id":68769,"properties":{"OBJECTID":68769,"PRIMENAME":"Sumner Avenue","ELEVTYP_F":0,"ELEVTYP_T":0},"geometry":{"type":"LineString","coordinates":[[-74.0773440350676,39.9416499019743],[-74.0764281284892,39.941561397773],[-74.0753750649754,39.9414589589364]]}},{"type":"Feature","id":68978,"properties":{"OBJECTID":68978,"PRIMENAME":"Franklin Avenue","ELEVTYP_F":0,"ELEVTYP_T":0},"geometry":{"type":"LineString","coordinates":[[-74.0718259312858,39.9390383688451],[-74.0733825287739,39.9391951027878],[-74.0740569556863,39.9392589418455]]}},{"type":"Feature","id":69155,"properties":{"OBJECTID":69155,"PRIMENAME":"Sherman Avenue","ELEVTYP_F":0,"ELEVTYP_T":0},"geometry":{"type":"LineString","coordinates":[[-74.0789799995461,39.943964200596],[-74.0788538733559,39.9439526961504],[-74.0778652937856,39.9438625215564],[-74.0778373114384,39.9438597571569]]}},{"type":"Feature","id":69310,"properties":{"OBJECTID":69310,"PRIMENAME":"Dolphin Drive","ELEVTYP_F":0,"ELEVTYP_T":0},"geometry":{"type":"LineString","coordinates":[[-74.0728664247969,39.9496231029803],[-74.0738214215888,39.9497308183465]]}},{"type":"Feature","id":71227,"properties":{"OBJECTID":71227,"PRIMENAME":"Fielder Avenue","ELEVTYP_F":0,"ELEVTYP_T":0},"geometry":{"type":"LineString","coordinates":[[-74.0774650252484,39.9536614428859],[-74.0782719129454,39.9537419926615]]}},{"type":"Feature","id":71639,"properties":{"OBJECTID":71639,"PRIMENAME":"East Pennsylvania Avenue","ELEVTYP_F":0,"ELEVTYP_T":0},"geometry":{"type":"LineString","coordinates":[[-74.0730966165933,39.9541701080191],[-74.0732307900291,39.9533446725836],[-74.0732509161045,39.9532208581003]]}},{"type":"Feature","id":71645,"properties":{"OBJECTID":71645,"PRIMENAME":"Eisenhower Avenue","ELEVTYP_F":0,"ELEVTYP_T":0},"geometry":{"type":"LineString","coordinates":[[-74.0816918968751,39.951822542374],[-74.0808507640432,39.9517450216776],[-74.0783750831529,39.9514987345512]]}},{"type":"Feature","id":73053,"properties":{"OBJECTID":73053,"PRIMENAME":"Richmond Avenue","ELEVTYP_F":0,"ELEVTYP_T":0},"geometry":{"type":"LineString","coordinates":[[-74.0773132459955,39.9545929185418],[-74.0774650252484,39.9536614428859]]}},{"type":"Feature","id":74197,"properties":{"OBJECTID":74197,"PRIMENAME":"8th Avenue","ELEVTYP_F":0,"ELEVTYP_T":0},"geometry":{"type":"LineString","coordinates":[[-74.0734751826297,39.9542097997317],[-74.0748150012062,39.9543408715639]]}},{"type":"Feature","id":74951,"properties":{"OBJECTID":74951,"PRIMENAME":"Prince Edward Avenue","ELEVTYP_F":0,"ELEVTYP_T":0},"geometry":{"type":"LineString","coordinates":[[-74.0879483959263,39.9411901989841],[-74.0880404872894,39.940970044669]]}},{"type":"Feature","id":77592,"properties":{"OBJECTID":77592,"PRIMENAME":"Prince Edward Avenue","ELEVTYP_F":0,"ELEVTYP_T":0},"geometry":{"type":"LineString","coordinates":[[-74.0874603269875,39.9423560486152],[-74.0876866665802,39.9418158203594]]}},{"type":"Feature","id":77716,"properties":{"OBJECTID":77716,"PRIMENAME":"Sheridan Avenue","ELEVTYP_F":0,"ELEVTYP_T":0},"geometry":{"type":"LineString","coordinates":[[-74.0777816475766,39.9445422212905],[-74.0788637775762,39.9446474892557]]}},{"type":"Feature","id":78533,"properties":{"OBJECTID":78533,"PRIMENAME":"Hancock Avenue","ELEVTYP_F":0,"ELEVTYP_T":0},"geometry":{"type":"LineString","coordinates":[[-74.0731459493445,39.9447818303894],[-74.0724024249492,39.9447107299347],[-74.0706174154965,39.9445446532507]]}},{"type":"Feature","id":78573,"properties":{"OBJECTID":78573,"PRIMENAME":"Ocean Terrace","ELEVTYP_F":0,"ELEVTYP_T":0},"geometry":{"type":"LineString","coordinates":[[-74.0719749342035,39.9383638833882],[-74.0720619644731,39.9378128758899],[-74.0720757117266,39.9376842234081]]}},{"type":"Feature","id":78612,"properties":{"OBJECTID":78612,"PRIMENAME":"Sunset Drive North","ELEVTYP_F":0,"ELEVTYP_T":0},"geometry":{"type":"LineString","coordinates":[[-74.087611841019,39.9435820642889],[-74.0877587398281,39.9437012504739],[-74.0882594261086,39.9441086053087]]}},{"type":"Feature","id":79638,"properties":{"OBJECTID":79638,"PRIMENAME":"Sampson Avenue","ELEVTYP_F":0,"ELEVTYP_T":0},"geometry":{"type":"LineString","coordinates":[[-74.0765858474236,39.9478911525114],[-74.0762396325491,39.9478569430611],[-74.0747084450118,39.9477056386056],[-74.074349152316,39.9476698659405]]}},{"type":"Feature","id":79723,"properties":{"OBJECTID":79723,"PRIMENAME":"Sunset Drive North","ELEVTYP_F":0,"ELEVTYP_T":0},"geometry":{"type":"LineString","coordinates":[[-74.0856782800356,39.9420281540905],[-74.0857943935137,39.9421226450506],[-74.0860644047453,39.9423423705207],[-74.086150414197,39.9424108364661],[-74.0862199168883,39.9424661659568],[-74.0863279688949,39.9425521798014]]}},{"type":"Feature","id":80661,"properties":{"OBJECTID":80661,"PRIMENAME":"East Central Avenue","ELEVTYP_F":0,"ELEVTYP_T":0},"geometry":{"type":"LineString","coordinates":[[-74.0733368911366,39.952692057867],[-74.0734216875892,39.9522033628414]]}},{"type":"Feature","id":80914,"properties":{"OBJECTID":80914,"PRIMENAME":"West Central Avenue","ELEVTYP_F":0,"ELEVTYP_T":0},"geometry":{"type":"LineString","coordinates":[[-74.0748009860542,39.9449437121394],[-74.0746893327515,39.9456252829144]]}},{"type":"Feature","id":80951,"properties":{"OBJECTID":80951,"PRIMENAME":"Sheridan Avenue","ELEVTYP_F":0,"ELEVTYP_T":0},"geometry":{"type":"LineString","coordinates":[[-74.0732578156378,39.9441026775241],[-74.0746306736054,39.9442345863727],[-74.0749126359118,39.9442621411608]]}},{"type":"Feature","id":82441,"properties":{"OBJECTID":82441,"PRIMENAME":"East Central Avenue","ELEVTYP_F":0,"ELEVTYP_T":0},"geometry":{"type":"LineString","coordinates":[[-74.0755991148744,39.9400977117792],[-74.0755865143412,39.9401743165084],[-74.0754878469056,39.9407771164053]]}},{"type":"Feature","id":83405,"properties":{"OBJECTID":83405,"PRIMENAME":"Harding Avenue","ELEVTYP_F":0,"ELEVTYP_T":0},"geometry":{"type":"LineString","coordinates":[[-74.0734950791574,39.9516899723319],[-74.0730138655873,39.9516327711151],[-74.0720377916284,39.9515220754953]]}},{"type":"Feature","id":83653,"properties":{"OBJECTID":83653,"PRIMENAME":"Barnegat Avenue","ELEVTYP_F":0,"ELEVTYP_T":0},"geometry":{"type":"LineString","coordinates":[[-74.0771367806661,39.9430571715109],[-74.0771717193081,39.9431118498191],[-74.0772006898056,39.9431798765606],[-74.0772035877651,39.943213243294],[-74.0771985984317,39.9432704114717],[-74.077145558541,39.9435895609967],[-74.0771124503178,39.9437879865529]]}},{"type":"Feature","id":86411,"properties":{"OBJECTID":86411,"PRIMENAME":"Sunset Drive South","ELEVTYP_F":0,"ELEVTYP_T":0},"geometry":{"type":"LineString","coordinates":[[-74.0880404872894,39.940970044669],[-74.0883378076794,39.9411474364365],[-74.0887222860798,39.9413805666582]]}},{"type":"Feature","id":86833,"properties":{"OBJECTID":86833,"PRIMENAME":"State Highway 35","ELEVTYP_F":0,"ELEVTYP_T":0},"geometry":{"type":"LineString","coordinates":[[-74.0787647729014,39.9477632206565],[-74.0788132963656,39.9476390587876],[-74.0788697486073,39.9474608144012],[-74.0789113979253,39.9472476486757],[-74.0789531540891,39.9470110935716],[-74.0790105091168,39.9466970661168],[-74.0790737969099,39.9462472450643],[-74.0791575559479,39.9457393517401],[-74.0792202235248,39.9453788079869],[-74.0792936853249,39.9449096141377],[-74.0793006250377,39.9448539625581],[-74.0793519163366,39.9444403379218],[-74.0794143315976,39.9441380224585],[-74.0794504853374,39.9439946247413],[-74.0794862703703,39.9439055027328],[-74.0795732261738,39.9437079031713],[-74.0796293409465,39.9435956010833],[-74.079685252953,39.9435104772952],[-74.0797463727273,39.9434137864631],[-74.0798835926899,39.9432318530211],[-74.0800459201808,39.9430501751873],[-74.0800774926331,39.9430197886412]]}},{"type":"Feature","id":87407,"properties":{"OBJECTID":87407,"PRIMENAME":"Fort Avenue","ELEVTYP_F":0,"ELEVTYP_T":0},"geometry":{"type":"LineString","coordinates":[[-74.0767121026248,39.9530732165818],[-74.0761774864011,39.9530256629797],[-74.0748295734355,39.9528805756311],[-74.0739032046099,39.9527728999202],[-74.0737117997212,39.9527506503187]]}},{"type":"Feature","id":88333,"properties":{"OBJECTID":88333,"PRIMENAME":"9th Avenue","ELEVTYP_F":0,"ELEVTYP_T":0},"geometry":{"type":"LineString","coordinates":[[-74.0687662463143,39.953059581696],[-74.0717453337514,39.9533558147715]]}},{"type":"Feature","id":88635,"properties":{"OBJECTID":88635,"PRIMENAME":"Webster Avenue","ELEVTYP_F":0,"ELEVTYP_T":0},"geometry":{"type":"LineString","coordinates":[[-74.0711053617224,39.9403506072274],[-74.0714650071983,39.9403864470752]]}},{"type":"Feature","id":88889,"properties":{"OBJECTID":88889,"PRIMENAME":"Coolidge Avenue","ELEVTYP_F":0,"ELEVTYP_T":0},"geometry":{"type":"LineString","coordinates":[[-74.0783309664332,39.9527114547975],[-74.0783977507373,39.952722020759],[-74.0784888062281,39.9527363255209]]}},{"type":"Feature","id":90741,"properties":{"OBJECTID":90741,"PRIMENAME":"Dune Terrace","ELEVTYP_F":0,"ELEVTYP_T":0},"geometry":{"type":"LineString","coordinates":[[-74.0696784237227,39.9496941037283],[-74.0696194223381,39.9500341031013],[-74.0696254232056,39.9500521018166]]}},{"type":"Feature","id":91336,"properties":{"OBJECTID":91336,"PRIMENAME":"Arnold Avenue","ELEVTYP_F":0,"ELEVTYP_T":0},"geometry":{"type":"LineString","coordinates":[[-74.0781013735809,39.9504421125417],[-74.0770691845448,39.950350856381]]}},{"type":"Feature","id":91604,"properties":{"OBJECTID":91604,"PRIMENAME":"Carteret Avenue","ELEVTYP_F":0,"ELEVTYP_T":0},"geometry":{"type":"LineString","coordinates":[[-74.0744599825994,39.9469839819055],[-74.0747536726825,39.9470088896978],[-74.0754029975329,39.9470722992266],[-74.0767833678181,39.9472112113784],[-74.0769323783248,39.9472253443046]]}},{"type":"Feature","id":92739,"properties":{"OBJECTID":92739,"PRIMENAME":"FR RT 35 SB to EISENHOWER AVE","ELEVTYP_F":0,"ELEVTYP_T":0},"geometry":{"type":"LineString","coordinates":[[-74.0737882682348,39.9510918708574],[-74.073789943074,39.9510920418452],[-74.0738985541624,39.9511002484666],[-74.0739709631225,39.9511057206978],[-74.0740668560505,39.9511102046135],[-74.0741627478214,39.9511146884457],[-74.0743766272555,39.9511158863764]]}},{"type":"Feature","id":93148,"properties":{"OBJECTID":93148,"PRIMENAME":"Barnegat Avenue","ELEVTYP_F":0,"ELEVTYP_T":0},"geometry":{"type":"LineString","coordinates":[[-74.0774569775159,39.9409677563653],[-74.077527766615,39.9405400639044],[-74.0775691394055,39.9402905769639]]}},{"type":"Feature","id":93931,"properties":{"OBJECTID":93931,"PRIMENAME":"East Central Avenue","ELEVTYP_F":0,"ELEVTYP_T":0},"geometry":{"type":"LineString","coordinates":[[-74.0757113186794,39.9394162783745],[-74.0755991148744,39.9400977117792]]}},{"type":"Feature","id":94011,"properties":{"OBJECTID":94011,"PRIMENAME":"State Highway 37","ELEVTYP_F":0,"ELEVTYP_T":0},"geometry":{"type":"LineString","coordinates":[[-74.0856782800356,39.9420281540905],[-74.0857614398677,39.9420484101821],[-74.0858686996332,39.9420759967505],[-74.0861663796819,39.9421525611948],[-74.0862803544709,39.9421810756684],[-74.0864088854263,39.9422132295045],[-74.0865735099139,39.9422544127736]]}},{"type":"Feature","id":94068,"properties":{"OBJECTID":94068,"PRIMENAME":"State Highway 35","ELEVTYP_F":0,"ELEVTYP_T":0},"geometry":{"type":"LineString","coordinates":[[-74.0817952541057,39.941222993222],[-74.0818163878874,39.9411788416395],[-74.0818282876962,39.9411456923094]]}},{"type":"Feature","id":95644,"properties":{"OBJECTID":95644,"PRIMENAME":"East Central Avenue","ELEVTYP_F":0,"ELEVTYP_T":0},"geometry":{"type":"LineString","coordinates":[[-74.0753750649754,39.9414589589364],[-74.0752617710775,39.9421424197847]]}},{"type":"Feature","id":97465,"properties":{"OBJECTID":97465,"PRIMENAME":"East Pennsylvania Avenue","ELEVTYP_F":0,"ELEVTYP_T":0},"geometry":{"type":"LineString","coordinates":[[-74.0729882742573,39.9548531987107],[-74.0730966165933,39.9541701080191]]}},{"type":"Feature","id":99603,"properties":{"OBJECTID":99603,"PRIMENAME":"Sampson Avenue","ELEVTYP_F":0,"ELEVTYP_T":0},"geometry":{"type":"LineString","coordinates":[[-74.0701716722364,39.9472633463362],[-74.0695881413918,39.9472142623744]]}},{"type":"Feature","id":99841,"properties":{"OBJECTID":99841,"PRIMENAME":"Fort Avenue","ELEVTYP_F":0,"ELEVTYP_T":0},"geometry":{"type":"LineString","coordinates":[[-74.0718730300787,39.9525339074995],[-74.0715284550858,39.9524966708391],[-74.0699355721501,39.9523048827631],[-74.068912658963,39.952193821341]]}},{"type":"Feature","id":100157,"properties":{"OBJECTID":100157,"PRIMENAME":"Bay Boulevard","ELEVTYP_F":0,"ELEVTYP_T":0},"geometry":{"type":"LineString","coordinates":[[-74.0782768759455,39.9490800388835],[-74.0782926227645,39.9489768347338],[-74.0783122385053,39.9488482796515],[-74.0783214999396,39.9488214360377]]}},{"type":"Feature","id":100204,"properties":{"OBJECTID":100204,"PRIMENAME":"Sumner Avenue","ELEVTYP_F":0,"ELEVTYP_T":0},"geometry":{"type":"LineString","coordinates":[[-74.0793156631259,39.9418395034816],[-74.0792267016973,39.9418350625869],[-74.0791746200258,39.9418299079184],[-74.0778428206699,39.9416980889033],[-74.0773440350676,39.9416499019743]]}},{"type":"Feature","id":101210,"properties":{"OBJECTID":101210,"PRIMENAME":"Hamilton Avenue","ELEVTYP_F":0,"ELEVTYP_T":0},"geometry":{"type":"LineString","coordinates":[[-74.0775691394055,39.9402905769639],[-74.0777669696043,39.9403092794617],[-74.0793523889265,39.9404609050672],[-74.0794142782862,39.9404728433916],[-74.079545006516,39.9404980619891]]}},{"type":"Feature","id":101418,"properties":{"OBJECTID":101418,"PRIMENAME":"West Central Avenue","ELEVTYP_F":0,"ELEVTYP_T":0},"geometry":{"type":"LineString","coordinates":[[-74.074349152316,39.9476698659405],[-74.0742345426286,39.94838379314]]}},{"type":"Feature","id":103223,"properties":{"OBJECTID":103223,"PRIMENAME":"West Central Avenue","ELEVTYP_F":0,"ELEVTYP_T":0},"geometry":{"type":"LineString","coordinates":[[-74.073871662583,39.9507420872357],[-74.0739022074801,39.9506103008312],[-74.0739332280793,39.9504658365434],[-74.0739617474613,39.9503210672716],[-74.0739876418896,39.9501767177065]]}},{"type":"Feature","id":105479,"properties":{"OBJECTID":105479,"PRIMENAME":"Barnegat Avenue","ELEVTYP_F":0,"ELEVTYP_T":0},"geometry":{"type":"LineString","coordinates":[[-74.0777816475766,39.9445422212905],[-74.0777789863661,39.9445747994477],[-74.0777825024587,39.9446062742079],[-74.0778004786838,39.9446585288669],[-74.0778554881445,39.9447731298149],[-74.0779044299575,39.9448710157045],[-74.0779226905135,39.9449234920527],[-74.0779316859222,39.9449688235285],[-74.0779345406088,39.9450093012166],[-74.0779313007184,39.9452520355449]]}},{"type":"Feature","id":107594,"properties":{"OBJECTID":107594,"PRIMENAME":"Bay Boulevard","ELEVTYP_F":0,"ELEVTYP_T":0},"geometry":{"type":"LineString","coordinates":[[-74.0775969924812,39.9487480763651],[-74.0774749380073,39.9488675238143]]}},{"type":"Feature","id":110067,"properties":{"OBJECTID":110067,"PRIMENAME":"Sumner Avenue","ELEVTYP_F":0,"ELEVTYP_T":0},"geometry":{"type":"LineString","coordinates":[[-74.0707658301946,39.9410057998507],[-74.0713187377411,39.9410614632478]]}},{"type":"Feature","id":110711,"properties":{"OBJECTID":110711,"PRIMENAME":"Barnegat Avenue","ELEVTYP_F":0,"ELEVTYP_T":0},"geometry":{"type":"LineString","coordinates":[[-74.0775691394055,39.9402905769639],[-74.0776589622262,39.9397483881515],[-74.0776810714146,39.9396096891905]]}},{"type":"Feature","id":113136,"properties":{"OBJECTID":113136,"PRIMENAME":"Carteret Avenue","ELEVTYP_F":0,"ELEVTYP_T":0},"geometry":{"type":"LineString","coordinates":[[-74.0769323783248,39.9472253443046],[-74.0772153927461,39.9472521839725],[-74.0783248093171,39.9473645018933]]}},{"type":"Feature","id":113302,"properties":{"OBJECTID":113302,"PRIMENAME":"Tunney Avenue","ELEVTYP_F":0,"ELEVTYP_T":0},"geometry":{"type":"LineString","coordinates":[[-74.0798478990711,39.949923977759],[-74.0803190523779,39.9499687311861],[-74.0812325924472,39.9500549731937]]}},{"type":"Feature","id":113309,"properties":{"OBJECTID":113309,"PRIMENAME":"Ocean Terrace","ELEVTYP_F":0,"ELEVTYP_T":0},"geometry":{"type":"LineString","coordinates":[[-74.0702825182593,39.9465815024699],[-74.0703399003273,39.9462181716557],[-74.0703931669788,39.9459024030595]]}},{"type":"Feature","id":113463,"properties":{"OBJECTID":113463,"PRIMENAME":"Bay Boulevard","ELEVTYP_F":0,"ELEVTYP_T":0},"geometry":{"type":"LineString","coordinates":[[-74.0782746785854,39.9546623638359],[-74.0783671199503,39.954091167092],[-74.0784210410501,39.9537568662963]]}},{"type":"Feature","id":115201,"properties":{"OBJECTID":115201,"PRIMENAME":"Harding Avenue","ELEVTYP_F":0,"ELEVTYP_T":0},"geometry":{"type":"LineString","coordinates":[[-74.0736877433362,39.9517128637254],[-74.0734950791574,39.9516899723319]]}},{"type":"Feature","id":115743,"properties":{"OBJECTID":115743,"PRIMENAME":"Bay Boulevard","ELEVTYP_F":0,"ELEVTYP_T":0},"geometry":{"type":"LineString","coordinates":[[-74.0796606912047,39.9397952787117],[-74.0796149447567,39.9400614975715],[-74.079545006516,39.9404980619891]]}},{"type":"Feature","id":116269,"properties":{"OBJECTID":116269,"PRIMENAME":"Porter Avenue","ELEVTYP_F":0,"ELEVTYP_T":0},"geometry":{"type":"LineString","coordinates":[[-74.0743988005625,39.9371371840653],[-74.0752856758641,39.9372316714523],[-74.0758900280158,39.937282925843]]}},{"type":"Feature","id":116308,"properties":{"OBJECTID":116308,"PRIMENAME":"Bay Boulevard","ELEVTYP_F":0,"ELEVTYP_T":0},"geometry":{"type":"LineString","coordinates":[[-74.0782627572982,39.9504525553307],[-74.0782420636489,39.950255746196],[-74.0782210168542,39.9500526208632],[-74.0782186244027,39.9498324056933],[-74.0782204848372,39.9497674845188]]}},{"type":"Feature","id":117296,"properties":{"OBJECTID":117296,"PRIMENAME":"Eisenhower Avenue","ELEVTYP_F":0,"ELEVTYP_T":0},"geometry":{"type":"LineString","coordinates":[[-74.0783750831529,39.9514987345512],[-74.0782146226263,39.9514827766044]]}},{"type":"Feature","id":118524,"properties":{"OBJECTID":118524,"PRIMENAME":"Barnegat Avenue","ELEVTYP_F":0,"ELEVTYP_T":0},"geometry":{"type":"LineString","coordinates":[[-74.0773440350676,39.9416499019743],[-74.0774569775159,39.9409677563653]]}},{"type":"Feature","id":118821,"properties":{"OBJECTID":118821,"PRIMENAME":"Kearney Avenue","ELEVTYP_F":0,"ELEVTYP_T":0},"geometry":{"type":"LineString","coordinates":[[-74.0745746906288,39.9463051681036],[-74.0730515625578,39.9461545577021],[-74.0729228385677,39.9461423608006]]}},{"type":"Feature","id":118988,"properties":{"OBJECTID":118988,"PRIMENAME":"Ocean Terrace","ELEVTYP_F":0,"ELEVTYP_T":0},"geometry":{"type":"LineString","coordinates":[[-74.0700628068698,39.9479587594052],[-74.070120416663,39.9475708311396],[-74.0701716722364,39.9472633463362]]}},{"type":"Feature","id":119525,"properties":{"OBJECTID":119525,"PRIMENAME":"Grant Avenue","ELEVTYP_F":0,"ELEVTYP_T":0},"geometry":{"type":"LineString","coordinates":[[-74.0791034575341,39.9432521394547],[-74.0789707962949,39.9432384803216],[-74.0785509980308,39.9431952528947],[-74.0772030809122,39.9430638381046],[-74.0771367806661,39.9430571715109]]}},{"type":"Feature","id":121293,"properties":{"OBJECTID":121293,"PRIMENAME":"Bay Boulevard","ELEVTYP_F":0,"ELEVTYP_T":0},"geometry":{"type":"LineString","coordinates":[[-74.0781617308934,39.9553601575762],[-74.0782746785854,39.9546623638359]]}},{"type":"Feature","id":122584,"properties":{"OBJECTID":122584,"PRIMENAME":"East Central Avenue","ELEVTYP_F":0,"ELEVTYP_T":0},"geometry":{"type":"LineString","coordinates":[[-74.0758190908173,39.9387419397118],[-74.0757958817619,39.9388791238094],[-74.0757540053394,39.9391571609992],[-74.0757113186794,39.9394162783745]]}},{"type":"Feature","id":126139,"properties":{"OBJECTID":126139,"PRIMENAME":"Ocean Boulevard","ELEVTYP_F":0,"ELEVTYP_T":0},"geometry":{"type":"LineString","coordinates":[[-74.0738341004048,39.9406187629328],[-74.073772453584,39.9409950387706],[-74.0737223870027,39.9412981650381]]}},{"type":"Feature","id":126922,"properties":{"OBJECTID":126922,"PRIMENAME":"Roanoke Avenue","ELEVTYP_F":0,"ELEVTYP_T":0},"geometry":{"type":"LineString","coordinates":[[-74.0887222860798,39.9413805666582],[-74.0879483959263,39.9411901989841]]}},{"type":"Feature","id":128083,"properties":{"OBJECTID":128083,"PRIMENAME":"Dupont Avenue","ELEVTYP_F":0,"ELEVTYP_T":0},"geometry":{"type":"LineString","coordinates":[[-74.0720757117266,39.9376842234081],[-74.0740037573938,39.9378704324764],[-74.0742775715389,39.9378965033032]]}},{"type":"Feature","id":128222,"properties":{"OBJECTID":128222,"PRIMENAME":"Ocean Terrace","ELEVTYP_F":0,"ELEVTYP_T":0},"geometry":{"type":"LineString","coordinates":[[-74.0720757117266,39.9376842234081],[-74.0721002509538,39.9374548270003],[-74.0721383183298,39.9371320826117],[-74.0721552844077,39.9370362766659],[-74.0721782115975,39.936933958021],[-74.0721820361664,39.9369204965284]]}},{"type":"Feature","id":129025,"properties":{"OBJECTID":129025,"PRIMENAME":"Hamilton Avenue","ELEVTYP_F":0,"ELEVTYP_T":0},"geometry":{"type":"LineString","coordinates":[[-74.0755991148744,39.9400977117792],[-74.0762557607412,39.9401664971538],[-74.0775691394055,39.9402905769639]]}},{"type":"Feature","id":129891,"properties":{"OBJECTID":129891,"PRIMENAME":"Ocean Terrace","ELEVTYP_F":0,"ELEVTYP_T":0},"geometry":{"type":"LineString","coordinates":[[-74.0703931669788,39.9459024030595],[-74.0703937216836,39.9458992201899],[-74.0704550632338,39.9455356022068],[-74.070506085174,39.9452251232042]]}},{"type":"Feature","id":129971,"properties":{"OBJECTID":129971,"PRIMENAME":"Ocean Terrace","ELEVTYP_F":0,"ELEVTYP_T":0},"geometry":{"type":"LineString","coordinates":[[-74.0707283692156,39.9438613543701],[-74.0707813950116,39.9435378429291],[-74.0707925930925,39.9434753991205],[-74.0708063449785,39.9434379758035],[-74.070828332434,39.9433839179512],[-74.0708614396214,39.9432799359181],[-74.0708946024343,39.943184079425]]}},{"type":"Feature","id":131409,"properties":{"OBJECTID":131409,"PRIMENAME":"Bayview Avenue","ELEVTYP_F":0,"ELEVTYP_T":0},"geometry":{"type":"LineString","coordinates":[[-74.0774219541547,39.936729137124],[-74.0773838112042,39.936650892541],[-74.0773798377824,39.9366276603102],[-74.077369215345,39.9365655397629],[-74.0773765898006,39.9363870069636]]}},{"type":"Feature","id":132663,"properties":{"OBJECTID":132663,"PRIMENAME":"FR RT 35 NB to RT 35 SB","ELEVTYP_F":0,"ELEVTYP_T":0},"geometry":{"type":"LineString","coordinates":[[-74.0767290222041,39.9372469979821],[-74.076826277876,39.9372355202882],[-74.0769415845773,39.9372232572028],[-74.0770404765977,39.9372067340868],[-74.077104604391,39.9371886564577],[-74.077136060923,39.9371732585425],[-74.0771643539057,39.9371545742238],[-74.0771786595044,39.9371427596702],[-74.0771916887441,39.937130100368],[-74.0772033577644,39.9371166777974],[-74.0772135914598,39.937102578351],[-74.0772223239634,39.9370878927782],[-74.0772294990704,39.9370727156009],[-74.0772350706003,39.9370571445047],[-74.0772390026939,39.9370412797112],[-74.0772759862332,39.9367950724375],[-74.0772999162747,39.9366357609342]]}},{"type":"Feature","id":136789,"properties":{"OBJECTID":136789,"PRIMENAME":"Blaine Avenue","ELEVTYP_F":0,"ELEVTYP_T":0},"geometry":{"type":"LineString","coordinates":[[-74.0736103185375,39.9419769054231],[-74.07512781265,39.9421299035181],[-74.0752617710775,39.9421424197847]]}},{"type":"Feature","id":137411,"properties":{"OBJECTID":137411,"PRIMENAME":"Lincoln Avenue","ELEVTYP_F":0,"ELEVTYP_T":0},"geometry":{"type":"LineString","coordinates":[[-74.074169195431,39.9385741332075],[-74.0721096400382,39.9383753621226],[-74.0719749342035,39.9383638833882]]}},{"type":"Feature","id":138616,"properties":{"OBJECTID":138616,"PRIMENAME":"Bay Boulevard","ELEVTYP_F":0,"ELEVTYP_T":0},"geometry":{"type":"LineString","coordinates":[[-74.0783248093171,39.9473645018933],[-74.0783008745356,39.9474806817041],[-74.0782737480406,39.9476636180234],[-74.0782506648625,39.9477922100515],[-74.0782165414448,39.9479064855915],[-74.0781899403908,39.9479921818139],[-74.078164563128,39.948047051945]]}},{"type":"Feature","id":142133,"properties":{"OBJECTID":142133,"PRIMENAME":"Coolidge Avenue","ELEVTYP_F":0,"ELEVTYP_T":0},"geometry":{"type":"LineString","coordinates":[[-74.0821927280537,39.9531713687291],[-74.0820408532776,39.95264085333],[-74.0820224948209,39.9526036147058],[-74.0819965773384,39.9525892179347],[-74.0819631863732,39.9525776485701],[-74.0819223954745,39.9525689365944]]}},{"type":"Feature","id":146140,"properties":{"OBJECTID":146140,"PRIMENAME":"Hamilton Avenue","ELEVTYP_F":0,"ELEVTYP_T":0},"geometry":{"type":"LineString","coordinates":[[-74.0716488003608,39.9397103884363],[-74.072089909516,39.9397565477414],[-74.0727470873411,39.939819040032],[-74.0738089734315,39.939920217407],[-74.0739462327995,39.9399346415289]]}},{"type":"Feature","id":146414,"properties":{"OBJECTID":146414,"PRIMENAME":"Hancock Avenue","ELEVTYP_F":0,"ELEVTYP_T":0},"geometry":{"type":"LineString","coordinates":[[-74.0787492266699,39.9453372626249],[-74.0779313007184,39.9452520355449]]}},{"type":"Feature","id":147717,"properties":{"OBJECTID":147717,"PRIMENAME":"South Beach Drive","ELEVTYP_F":0,"ELEVTYP_T":0},"geometry":{"type":"LineString","coordinates":[[-74.0717234256038,39.9508391025635],[-74.0715114247201,39.9507071041884],[-74.0705934224824,39.9506261021878],[-74.0694224253707,39.9505231021058],[-74.0693364249013,39.9505401024868],[-74.0692964223804,39.9506071047631],[-74.069297422287,39.9506311025802]]}},{"type":"Feature","id":148088,"properties":{"OBJECTID":148088,"PRIMENAME":"Ocean Boulevard","ELEVTYP_F":0,"ELEVTYP_T":0},"geometry":{"type":"LineString","coordinates":[[-74.0728100360178,39.9468275768535],[-74.072723550882,39.9473529994792],[-74.0726985218137,39.9475060439079]]}},{"type":"Feature","id":150481,"properties":{"OBJECTID":150481,"PRIMENAME":"Tunney Avenue","ELEVTYP_F":0,"ELEVTYP_T":0},"geometry":{"type":"LineString","coordinates":[[-74.0780530535317,39.9497490303321],[-74.0782204848372,39.9497674845188]]}},{"type":"Feature","id":151024,"properties":{"OBJECTID":151024,"PRIMENAME":"Franklin Avenue","ELEVTYP_F":0,"ELEVTYP_T":0},"geometry":{"type":"LineString","coordinates":[[-74.0757113186794,39.9394162783745],[-74.0763677187455,39.939483469749],[-74.0776810714146,39.9396096891905]]}},{"type":"Feature","id":151303,"properties":{"OBJECTID":151303,"PRIMENAME":"FR RT 35 NB to CO 47","ELEVTYP_F":0,"ELEVTYP_T":0},"geometry":{"type":"LineString","coordinates":[[-74.0758900280158,39.937282925843],[-74.0758003532042,39.9379123798551],[-74.0757910333387,39.9379921680583],[-74.07578544188,39.9380400404406]]}},{"type":"Feature","id":154765,"properties":{"OBJECTID":154765,"PRIMENAME":"Tunney Avenue","ELEVTYP_F":0,"ELEVTYP_T":0},"geometry":{"type":"LineString","coordinates":[[-74.0782204848372,39.9497674845188],[-74.0783471381186,39.9497813973817],[-74.0798478990711,39.949923977759]]}},{"type":"Feature","id":157661,"properties":{"OBJECTID":157661,"PRIMENAME":"Central Avenue","ELEVTYP_F":0,"ELEVTYP_T":0},"geometry":{"type":"LineString","coordinates":[[-74.0813071483879,39.9384568752233],[-74.0812540016504,39.93835252365],[-74.0811989238114,39.9382666963959]]}},{"type":"Feature","id":159837,"properties":{"OBJECTID":159837,"PRIMENAME":"Coolidge Avenue","ELEVTYP_F":0,"ELEVTYP_T":0},"geometry":{"type":"LineString","coordinates":[[-74.0690202244385,39.951696951062],[-74.0718064947138,39.9520144015563],[-74.0719548169222,39.9520317502846]]}},{"type":"Feature","id":159841,"properties":{"OBJECTID":159841,"PRIMENAME":"Grant Avenue","ELEVTYP_F":0,"ELEVTYP_T":0},"geometry":{"type":"LineString","coordinates":[[-74.075143636829,39.9428585046003],[-74.0736328749805,39.942715881576],[-74.0734906881298,39.9427014938982]]}},{"type":"Feature","id":161147,"properties":{"OBJECTID":161147,"PRIMENAME":"West Colony Avenue","ELEVTYP_F":0,"ELEVTYP_T":0},"geometry":{"type":"LineString","coordinates":[[-74.0729506279289,39.949275263955],[-74.0728664247969,39.9496231029803]]}},{"type":"Feature","id":161803,"properties":{"OBJECTID":161803,"PRIMENAME":"Bay Boulevard","ELEVTYP_F":0,"ELEVTYP_T":0},"geometry":{"type":"LineString","coordinates":[[-74.0786406938813,39.94601050254],[-74.0785980884269,39.9462749748233],[-74.0785228104922,39.9467019378326]]}},{"type":"Feature","id":162702,"properties":{"OBJECTID":162702,"PRIMENAME":"Ocean Avenue","ELEVTYP_F":0,"ELEVTYP_T":0},"geometry":{"type":"LineString","coordinates":[[-74.0690202244385,39.951696951062],[-74.0689615460567,39.9519638033635],[-74.068912658963,39.952193821341]]}},{"type":"Feature","id":163147,"properties":{"OBJECTID":163147,"PRIMENAME":"Bay Boulevard","ELEVTYP_F":0,"ELEVTYP_T":0},"geometry":{"type":"LineString","coordinates":[[-74.0788637775762,39.9446474892557],[-74.0787989487681,39.9450288071912],[-74.0787492266699,39.9453372626249]]}},{"type":"Feature","id":165356,"properties":{"OBJECTID":165356,"PRIMENAME":"East Central Avenue","ELEVTYP_F":0,"ELEVTYP_T":0},"geometry":{"type":"LineString","coordinates":[[-74.0734216875892,39.9522033628414],[-74.0734950791574,39.9516899723319]]}},{"type":"Feature","id":166076,"properties":{"OBJECTID":166076,"PRIMENAME":"Washington Avenue","ELEVTYP_F":0,"ELEVTYP_T":0},"geometry":{"type":"LineString","coordinates":[[-74.0767121026248,39.9530732165818],[-74.0767948448617,39.9525666945761]]}},{"type":"Feature","id":166244,"properties":{"OBJECTID":166244,"PRIMENAME":"Dupont Avenue","ELEVTYP_F":0,"ELEVTYP_T":0},"geometry":{"type":"LineString","coordinates":[[-74.0759996608524,39.9380603992782],[-74.0764727963778,39.9381053953197],[-74.0770520007417,39.9381618407954],[-74.0779020239558,39.9382449391165]]}},{"type":"Feature","id":168757,"properties":{"OBJECTID":168757,"PRIMENAME":"State Highway 37","ELEVTYP_F":0,"ELEVTYP_T":0},"geometry":{"type":"LineString","coordinates":[[-74.0833036340095,39.9416116235164],[-74.0834235759393,39.9416316013803],[-74.0835438818791,39.9416502374972],[-74.0836825397171,39.9416678697715],[-74.0837888323152,39.9416795969386],[-74.0838953887736,39.9416898073667],[-74.0840021725647,39.9416984975558],[-74.0841091470824,39.9417056645267],[-74.0841720332999,39.9417144657965]]}},{"type":"Feature","id":170845,"properties":{"OBJECTID":170845,"PRIMENAME":"Harding Avenue","ELEVTYP_F":0,"ELEVTYP_T":0},"geometry":{"type":"LineString","coordinates":[[-74.0768816633316,39.9520352862232],[-74.075345759786,39.9518987158077],[-74.0742057438314,39.9517744243082],[-74.0738732785764,39.9517349044432]]}},{"type":"Feature","id":172240,"properties":{"OBJECTID":172240,"PRIMENAME":"Bay Boulevard","ELEVTYP_F":0,"ELEVTYP_T":0},"geometry":{"type":"LineString","coordinates":[[-74.0793156631259,39.9418395034816],[-74.0792390224731,39.9419489036202],[-74.0791909691813,39.9420437195105],[-74.0791772988092,39.9421501911337],[-74.0791716019295,39.9421894290131]]}},{"type":"Feature","id":172424,"properties":{"OBJECTID":172424,"PRIMENAME":"Bay Boulevard","ELEVTYP_F":0,"ELEVTYP_T":0},"geometry":{"type":"LineString","coordinates":[[-74.0784816990013,39.9532315937372],[-74.0783192356343,39.953215793482]]}},{"type":"Feature","id":173826,"properties":{"OBJECTID":173826,"PRIMENAME":"Barnegat Avenue","ELEVTYP_F":0,"ELEVTYP_T":0},"geometry":{"type":"LineString","coordinates":[[-74.0779020239558,39.9382449391165],[-74.0779625913568,39.9378776073458]]}},{"type":"Feature","id":173935,"properties":{"OBJECTID":173935,"PRIMENAME":"Ocean Boulevard","ELEVTYP_F":0,"ELEVTYP_T":0},"geometry":{"type":"LineString","coordinates":[[-74.0730343528318,39.9454631520766],[-74.0729858182185,39.9457597217217],[-74.0729228385677,39.9461423608006]]}},{"type":"Feature","id":173978,"properties":{"OBJECTID":173978,"PRIMENAME":"Sherman Avenue","ELEVTYP_F":0,"ELEVTYP_T":0},"geometry":{"type":"LineString","coordinates":[[-74.0750238968363,39.9435857566814],[-74.0745075845522,39.9435376860536],[-74.0733705270392,39.943424817401]]}},{"type":"Feature","id":174058,"properties":{"OBJECTID":174058,"PRIMENAME":"Bay Boulevard","ELEVTYP_F":0,"ELEVTYP_T":0},"geometry":{"type":"LineString","coordinates":[[-74.078164563128,39.948047051945],[-74.0781034586328,39.9481634540354],[-74.0780434536736,39.9482576214671],[-74.0779797390092,39.948346037815],[-74.07787868122,39.9484686353638],[-74.0777777109968,39.9485712201799],[-74.0775969924812,39.9487480763651]]}},{"type":"Feature","id":176141,"properties":{"OBJECTID":176141,"PRIMENAME":"Washington Avenue","ELEVTYP_F":0,"ELEVTYP_T":0},"geometry":{"type":"LineString","coordinates":[[-74.0767948448617,39.9525666945761],[-74.0768816633316,39.9520352862232]]}},{"type":"Feature","id":177014,"properties":{"OBJECTID":177014,"PRIMENAME":"Hancock Avenue","ELEVTYP_F":0,"ELEVTYP_T":0},"geometry":{"type":"LineString","coordinates":[[-74.0779313007184,39.9452520355449],[-74.0775413741355,39.9452113838611],[-74.0758742725892,39.9450488927054],[-74.0748009860542,39.9449437121394]]}},{"type":"Feature","id":177672,"properties":{"OBJECTID":177672,"PRIMENAME":"Ocean Avenue","ELEVTYP_F":0,"ELEVTYP_T":0},"geometry":{"type":"LineString","coordinates":[[-74.0688143520371,39.952709834537],[-74.0687662463143,39.953059581696]]}},{"type":"Feature","id":177939,"properties":{"OBJECTID":177939,"PRIMENAME":"Marlin Drive","ELEVTYP_F":0,"ELEVTYP_T":0},"geometry":{"type":"LineString","coordinates":[[-74.0728094261526,39.9500431037506],[-74.0738136019393,39.9501426255507]]}},{"type":"Feature","id":179120,"properties":{"OBJECTID":179120,"PRIMENAME":"Eisenhower Avenue","ELEVTYP_F":0,"ELEVTYP_T":0},"geometry":{"type":"LineString","coordinates":[[-74.0782146226263,39.9514827766044],[-74.0779494947935,39.9514563890886],[-74.0769775487573,39.9513637589387]]}},{"type":"Feature","id":179219,"properties":{"OBJECTID":179219,"PRIMENAME":"Sunset Drive South","ELEVTYP_F":0,"ELEVTYP_T":0},"geometry":{"type":"LineString","coordinates":[[-74.0887222860798,39.9413805666582],[-74.0897389855345,39.9419970216228]]}},{"type":"Feature","id":179285,"properties":{"OBJECTID":179285,"PRIMENAME":"Webster Avenue","ELEVTYP_F":0,"ELEVTYP_T":0},"geometry":{"type":"LineString","coordinates":[[-74.0774569775159,39.9409677563653],[-74.0792897332405,39.9411465434236],[-74.0794290339022,39.9411601307991]]}},{"type":"Feature","id":180780,"properties":{"OBJECTID":180780,"PRIMENAME":"Ocean Terrace","ELEVTYP_F":0,"ELEVTYP_T":0},"geometry":{"type":"LineString","coordinates":[[-74.0691757514183,39.950986531333],[-74.0691336889933,39.9511808849445]]}},{"type":"Feature","id":181680,"properties":{"OBJECTID":181680,"PRIMENAME":"FR CO 629 to RT 37 WB","ELEVTYP_F":0,"ELEVTYP_T":0},"geometry":{"type":"LineString","coordinates":[[-74.0800603068249,39.940626794373],[-74.0802572117354,39.9406803829746],[-74.0805284306528,39.9407774528382],[-74.0807996314064,39.9408776249647],[-74.0810888366463,39.940996446865],[-74.0812957500083,39.9410762338347],[-74.0813814125389,39.9411016983309]]}},{"type":"Feature","id":184980,"properties":{"OBJECTID":184980,"PRIMENAME":"Washington Avenue","ELEVTYP_F":0,"ELEVTYP_T":0},"geometry":{"type":"LineString","coordinates":[[-74.0769775487573,39.9513637589387],[-74.0769969964605,39.9512063824962],[-74.0770287572476,39.9508278006204]]}},{"type":"Feature","id":185142,"properties":{"OBJECTID":185142,"PRIMENAME":"FR RT 37 EB to RT 35 SB","ELEVTYP_F":0,"ELEVTYP_T":0},"geometry":{"type":"LineString","coordinates":[[-74.0848029433951,39.94170406012],[-74.0845921612616,39.9416610612423],[-74.0843806404144,39.9416202686501],[-74.0841684198229,39.9415816898584],[-74.0839555385852,39.9415453319744],[-74.083881947461,39.9415346307441],[-74.0838088481259,39.9415220904763],[-74.0837363181262,39.9415077244743],[-74.0836644344035,39.941491547978],[-74.0835932732143,39.9414735781481],[-74.0835229100479,39.9414538340475],[-74.0834534195472,39.9414323366215],[-74.0833848754289,39.9414091086751],[-74.0833341317151,39.9413905661489],[-74.083211178409,39.9413351540961],[-74.0830927729434,39.9412741553738],[-74.0829793432038,39.9412077904215],[-74.0828712990904,39.9411362990706],[-74.0828212257575,39.9410967224439],[-74.0827733287937,39.9410555807257],[-74.0827276906822,39.9410129447694],[-74.0826843900154,39.9409688880015],[-74.08264350136,39.9409234862953],[-74.0826050951281,39.9408768178401],[-74.0825692374566,39.9408289630069],[-74.0825359900927,39.9407800042091],[-74.0824707735194,39.9406824432999],[-74.0824106805604,39.9405829519001],[-74.0823558074401,39.9404816893585],[-74.0823062420213,39.9403788178598],[-74.0820702542007,39.9399067049128],[-74.0818383185315,39.9394334040584],[-74.0817533238516,39.9392564618007],[-74.0817015119067,39.939148298929]]}},{"type":"Feature","id":185877,"properties":{"OBJECTID":185877,"PRIMENAME":"8th Avenue","ELEVTYP_F":0,"ELEVTYP_T":0},"geometry":{"type":"LineString","coordinates":[[-74.0764774966757,39.9545113226181],[-74.0768799540974,39.9545530945797],[-74.0773132459955,39.9545929185418]]}},{"type":"Feature","id":187308,"properties":{"OBJECTID":187308,"PRIMENAME":"Bay Boulevard","ELEVTYP_F":0,"ELEVTYP_T":0},"geometry":{"type":"LineString","coordinates":[[-74.079545006516,39.9404980619891],[-74.0795319309378,39.9406415155996],[-74.0794978189107,39.9407839327485],[-74.0794584919903,39.9410030917052],[-74.0794570563385,39.941010526404]]}},{"type":"Feature","id":187558,"properties":{"OBJECTID":187558,"PRIMENAME":"Eisenhower Avenue","ELEVTYP_F":0,"ELEVTYP_T":0},"geometry":{"type":"LineString","coordinates":[[-74.0769775487573,39.9513637589387],[-74.0743766272555,39.9511158863764]]}},{"type":"Feature","id":187926,"properties":{"OBJECTID":187926,"PRIMENAME":"Ocean Terrace","ELEVTYP_F":0,"ELEVTYP_T":0},"geometry":{"type":"LineString","coordinates":[[-74.070506085174,39.9452251232042],[-74.0705788353518,39.9447822881226],[-74.0706174154965,39.9445446532507]]}},{"type":"Feature","id":187949,"properties":{"OBJECTID":187949,"PRIMENAME":"Bay Boulevard","ELEVTYP_F":0,"ELEVTYP_T":0},"geometry":{"type":"LineString","coordinates":[[-74.0784888062281,39.9527363255209],[-74.0784876362574,39.9526188187263],[-74.0784495610736,39.9522084108076]]}},{"type":"Feature","id":188020,"properties":{"OBJECTID":188020,"PRIMENAME":"Saint Lawrence Avenue","ELEVTYP_F":0,"ELEVTYP_T":0},"geometry":{"type":"LineString","coordinates":[[-74.0882594261086,39.9441086053087],[-74.0886014051033,39.9441867448343],[-74.0894371215105,39.9443927283823]]}},{"type":"Feature","id":188340,"properties":{"OBJECTID":188340,"PRIMENAME":"Fremont Avenue","ELEVTYP_F":0,"ELEVTYP_T":0},"geometry":{"type":"LineString","coordinates":[[-74.070506085174,39.9452251232042],[-74.0711398135529,39.9452810318982],[-74.0724765841663,39.9454089074525],[-74.0730343528318,39.9454631520766]]}},{"type":"Feature","id":188549,"properties":{"OBJECTID":188549,"PRIMENAME":"Webster Avenue","ELEVTYP_F":0,"ELEVTYP_T":0},"geometry":{"type":"LineString","coordinates":[[-74.0714650071983,39.9403864470752],[-74.0738341004048,39.9406187629328]]}},{"type":"Feature","id":188726,"properties":{"OBJECTID":188726,"PRIMENAME":"Fremont Avenue","ELEVTYP_F":0,"ELEVTYP_T":0},"geometry":{"type":"LineString","coordinates":[[-74.0777653700617,39.9459253683079],[-74.0786406938813,39.94601050254]]}},{"type":"Feature","id":189931,"properties":{"OBJECTID":189931,"PRIMENAME":"Ocean Boulevard","ELEVTYP_F":0,"ELEVTYP_T":0},"geometry":{"type":"LineString","coordinates":[[-74.0737223870027,39.9412981650381],[-74.0736103185375,39.9419769054231]]}},{"type":"Feature","id":190126,"properties":{"OBJECTID":190126,"PRIMENAME":"Ocean Terrace","ELEVTYP_F":0,"ELEVTYP_T":0},"geometry":{"type":"LineString","coordinates":[[-74.0708946024343,39.943184079425],[-74.0710191178563,39.9425030658644],[-74.0710270656676,39.942459596159]]}},{"type":"Feature","id":191487,"properties":{"OBJECTID":191487,"PRIMENAME":"FR RT 35 NB to RT 35 SB","ELEVTYP_F":0,"ELEVTYP_T":0},"geometry":{"type":"LineString","coordinates":[[-74.0810657954581,39.9384992431453],[-74.0811719938825,39.938515831593],[-74.0812073933688,39.938521361054],[-74.0812501455451,39.9384937238941],[-74.0813071483879,39.9384568752233]]}},{"type":"Feature","id":191620,"properties":{"OBJECTID":191620,"PRIMENAME":"Dupont Avenue","ELEVTYP_F":0,"ELEVTYP_T":0},"geometry":{"type":"LineString","coordinates":[[-74.0742775715389,39.9378965033032],[-74.075659690326,39.9380280772343],[-74.07578544188,39.9380400404406]]}},{"type":"Feature","id":191713,"properties":{"OBJECTID":191713,"PRIMENAME":"State Highway 37","ELEVTYP_F":0,"ELEVTYP_T":0},"geometry":{"type":"LineString","coordinates":[[-74.0865735099139,39.9422544127736],[-74.0867293259554,39.942293388284],[-74.0873915493496,39.9424590303093]]}},{"type":"Feature","id":192623,"properties":{"OBJECTID":192623,"PRIMENAME":"Ocean Terrace","ELEVTYP_F":0,"ELEVTYP_T":0},"geometry":{"type":"LineString","coordinates":[[-74.0710270656676,39.942459596159],[-74.0710807795959,39.9422312421462],[-74.0711349886556,39.9419463889976],[-74.0711686786985,39.9418002123213],[-74.0711877572744,39.9417435630774]]}},{"type":"Feature","id":193031,"properties":{"OBJECTID":193031,"PRIMENAME":"Hiering Avenue","ELEVTYP_F":0,"ELEVTYP_T":0},"geometry":{"type":"LineString","coordinates":[[-74.0770572791945,39.9486639681089],[-74.0771119155561,39.9486830562828],[-74.0771654035231,39.948720643606],[-74.0772341923622,39.9487701184772],[-74.0772617940098,39.9487829579199],[-74.0772903703317,39.9487880313527],[-74.0773338270853,39.9487862127243],[-74.0773671685243,39.9487706033061],[-74.0773882766172,39.9487546745679],[-74.0773894002407,39.9487535086365],[-74.0774031746239,39.9487392176814],[-74.077414714646,39.9487186973502],[-74.0774188024959,39.9486979571023],[-74.0774126396598,39.9486734451314],[-74.0774031475922,39.9486624020082],[-74.0773883569202,39.948654523593],[-74.077339824666,39.9486464672275],[-74.077145522665,39.948630000721],[-74.0770931809577,39.9486438384197],[-74.0770572791945,39.9486639681089]]}},{"type":"Feature","id":193228,"properties":{"OBJECTID":193228,"PRIMENAME":"Sherman Avenue","ELEVTYP_F":0,"ELEVTYP_T":0},"geometry":{"type":"LineString","coordinates":[[-74.0733705270392,39.943424817401],[-74.0724060317332,39.9433290473198],[-74.0708946024343,39.943184079425]]}},{"type":"Feature","id":193236,"properties":{"OBJECTID":193236,"PRIMENAME":"North Beach Drive","ELEVTYP_F":0,"ELEVTYP_T":0},"geometry":{"type":"LineString","coordinates":[[-74.069297422287,39.9506311025802],[-74.0692984235451,39.9506741045527],[-74.0693264248941,39.9507261031736],[-74.0693694226659,39.9507391043641],[-74.0700674240662,39.9508031037814],[-74.0715064232445,39.9509351030878],[-74.0717234256038,39.9508391025635]]}},{"type":"Feature","id":196128,"properties":{"OBJECTID":196128,"PRIMENAME":"Ocean Avenue","ELEVTYP_F":0,"ELEVTYP_T":0},"geometry":{"type":"LineString","coordinates":[[-74.068912658963,39.952193821341],[-74.0688352096088,39.9525581752946],[-74.0688143520371,39.952709834537]]}},{"type":"Feature","id":196832,"properties":{"OBJECTID":196832,"PRIMENAME":"State Highway 37","ELEVTYP_F":0,"ELEVTYP_T":0},"geometry":{"type":"LineString","coordinates":[[-74.08482755352,39.9418220896756],[-74.0850944811551,39.9418799523858],[-74.0851220597671,39.941885930943],[-74.0854363864556,39.9419692248215],[-74.0856444813518,39.942019934975],[-74.0856782800356,39.9420281540905]]}},{"type":"Feature","id":198055,"properties":{"OBJECTID":198055,"PRIMENAME":"Franklin Avenue","ELEVTYP_F":0,"ELEVTYP_T":0},"geometry":{"type":"LineString","coordinates":[[-74.071440741928,39.9389991688104],[-74.0718259312858,39.9390383688451]]}},{"type":"Feature","id":200058,"properties":{"OBJECTID":200058,"PRIMENAME":"Bayside Terrace","ELEVTYP_F":0,"ELEVTYP_T":0},"geometry":{"type":"LineString","coordinates":[[-74.0811821198112,39.9497974110348],[-74.0812325924472,39.9500549731937]]}},{"type":"Feature","id":200472,"properties":{"OBJECTID":200472,"PRIMENAME":"Bay Boulevard","ELEVTYP_F":0,"ELEVTYP_T":0},"geometry":{"type":"LineString","coordinates":[[-74.0793498250586,39.9416774302929],[-74.079344964928,39.9417080783997],[-74.0793156631259,39.9418395034816]]}},{"type":"Feature","id":201621,"properties":{"OBJECTID":201621,"PRIMENAME":"Albacore Drive","ELEVTYP_F":0,"ELEVTYP_T":0},"geometry":{"type":"LineString","coordinates":[[-74.0727744240838,39.9504311030108],[-74.072802424685,39.950457103504],[-74.0737695060176,39.9505525447718]]}},{"type":"Feature","id":203415,"properties":{"OBJECTID":203415,"PRIMENAME":"Webster Avenue","ELEVTYP_F":0,"ELEVTYP_T":0},"geometry":{"type":"LineString","coordinates":[[-74.0738341004048,39.9406187629328],[-74.0740385919634,39.9406388149232],[-74.0754878469056,39.9407771164053]]}},{"type":"Feature","id":203643,"properties":{"OBJECTID":203643,"PRIMENAME":"Sampson Avenue","ELEVTYP_F":0,"ELEVTYP_T":0},"geometry":{"type":"LineString","coordinates":[[-74.074349152316,39.9476698659405],[-74.0728193695482,39.9475175806385],[-74.0726985218137,39.9475060439079]]}},{"type":"Feature","id":204331,"properties":{"OBJECTID":204331,"PRIMENAME":"Grand Central Avenue","ELEVTYP_F":0,"ELEVTYP_T":0},"geometry":{"type":"LineString","coordinates":[[-74.0725327090858,39.9485218683707],[-74.0725269723674,39.9485570299973],[-74.0724944372688,39.9487467534577]]}},{"type":"Feature","id":204348,"properties":{"OBJECTID":204348,"PRIMENAME":"Blaine Avenue","ELEVTYP_F":0,"ELEVTYP_T":0},"geometry":{"type":"LineString","coordinates":[[-74.0711877572744,39.9417435630774],[-74.0714296068697,39.9417731198636],[-74.0722576429565,39.9418534049993],[-74.0734792542477,39.9419636854305],[-74.0736103185375,39.9419769054231]]}},{"type":"Feature","id":204775,"properties":{"OBJECTID":204775,"PRIMENAME":"Ocean Terrace","ELEVTYP_F":0,"ELEVTYP_T":0},"geometry":{"type":"LineString","coordinates":[[-74.0706174154965,39.9445446532507],[-74.0707138697864,39.9439498391083],[-74.0707283692156,39.9438613543701]]}},{"type":"Feature","id":205593,"properties":{"OBJECTID":205593,"PRIMENAME":"Sunset Drive North","ELEVTYP_F":0,"ELEVTYP_T":0},"geometry":{"type":"LineString","coordinates":[[-74.0882594261086,39.9441086053087],[-74.0886873883904,39.9444567833357],[-74.0889074298047,39.9446405709687],[-74.0889697245895,39.9446793370184],[-74.0890280130189,39.9447020011687],[-74.0891071318523,39.9447247661371],[-74.089285895161,39.9447554347771]]}},{"type":"Feature","id":206731,"properties":{"OBJECTID":206731,"PRIMENAME":"Harding Avenue","ELEVTYP_F":0,"ELEVTYP_T":0},"geometry":{"type":"LineString","coordinates":[[-74.0782919650339,39.9521846397873],[-74.0781903765606,39.952172162826],[-74.0768816633316,39.9520352862232]]}},{"type":"Feature","id":207348,"properties":{"OBJECTID":207348,"PRIMENAME":"Hiering Avenue","ELEVTYP_F":0,"ELEVTYP_T":0},"geometry":{"type":"LineString","coordinates":[[-74.0780960385226,39.9489590653909],[-74.0781397015431,39.9489122511539],[-74.0781857218299,39.948876426979],[-74.0782386849674,39.9488484795652],[-74.0783214999396,39.9488214360377]]}},{"type":"Feature","id":207988,"properties":{"OBJECTID":207988,"PRIMENAME":"Franklin Avenue","ELEVTYP_F":0,"ELEVTYP_T":0},"geometry":{"type":"LineString","coordinates":[[-74.0740569556863,39.9392589418455],[-74.0756140143348,39.9394063134202],[-74.0757113186794,39.9394162783745]]}},{"type":"Feature","id":208046,"properties":{"OBJECTID":208046,"PRIMENAME":"Bayview Terrace","ELEVTYP_F":0,"ELEVTYP_T":0},"geometry":{"type":"LineString","coordinates":[[-74.0808608686341,39.9493882861895],[-74.080821657356,39.9493272255481]]}},{"type":"Feature","id":208457,"properties":{"OBJECTID":208457,"PRIMENAME":"Ocean Avenue","ELEVTYP_F":0,"ELEVTYP_T":0},"geometry":{"type":"LineString","coordinates":[[-74.0687662463143,39.953059581696],[-74.0687534253646,39.9531527118574],[-74.0686708973976,39.9537459836337]]}},{"type":"Feature","id":212686,"properties":{"OBJECTID":212686,"PRIMENAME":"Porter Avenue","ELEVTYP_F":0,"ELEVTYP_T":0},"geometry":{"type":"LineString","coordinates":[[-74.078026243226,39.9374916698555],[-74.078396132814,39.9375313958594],[-74.0786696155216,39.9375573812515],[-74.0793401030062,39.9376210878914],[-74.0796519685014,39.937653653938],[-74.0797484754501,39.9376655068179],[-74.0798077868587,39.93768856303],[-74.0798780853035,39.9377346110574]]}},{"type":"Feature","id":212748,"properties":{"OBJECTID":212748,"PRIMENAME":"State Highway 37","ELEVTYP_F":0,"ELEVTYP_T":0},"geometry":{"type":"LineString","coordinates":[[-74.0801190684797,39.9376961344508],[-74.0801589037156,39.9377391030001],[-74.0801945178113,39.9377842141707],[-74.0802257171447,39.9378312227188],[-74.0802523320933,39.9378798730853],[-74.0802742179564,39.9379299007848],[-74.0802912557417,39.9379810338435],[-74.0803033528129,39.9380329942779],[-74.0803104433931,39.9380854996057],[-74.0803116521398,39.938137006718],[-74.0803091643082,39.9381884866251],[-74.0803029874812,39.9382397822436],[-74.0802931404985,39.9382907370521],[-74.0802613924809,39.9385374599294],[-74.0802207617767,39.9387834095561],[-74.0801376073116,39.9392883692387],[-74.0801257381844,39.939355744014],[-74.0801179413712,39.9394234700351],[-74.0801142336655,39.9394914015336],[-74.0801146230595,39.9395593922986],[-74.0801198303576,39.9396318883094],[-74.0801288056272,39.9397041656023],[-74.0801415344762,39.9397761081835],[-74.0801579964886,39.9398476005959],[-74.0801781652568,39.9399185281045],[-74.0802020084241,39.9399887768806],[-74.0802294877368,39.9400582341844],[-74.0802605591051,39.9401267885459],[-74.0802858027291,39.9401783637238],[-74.0803135560877,39.9402291691324],[-74.0803437796735,39.9402791324389],[-74.0803764304617,39.9403281825093],[-74.0804114619716,39.9403762495096],[-74.0804488243327,39.9404232650054],[-74.0804884643557,39.9404691620591],[-74.0805303256081,39.9405138753253],[-74.0805939863556,39.9405772361957],[-74.0806613093406,39.9406383130337],[-74.0807321564454,39.9406969805271],[-74.0808063823202,39.9407531183066],[-74.0808658921813,39.9407944360334],[-74.0809273756887,39.9408340045461],[-74.0809907461212,39.9408717680319],[-74.0810559140958,39.9409076732242]]}},{"type":"Feature","id":213324,"properties":{"OBJECTID":213324,"PRIMENAME":"Dupont Avenue","ELEVTYP_F":0,"ELEVTYP_T":0},"geometry":{"type":"LineString","coordinates":[[-74.07578544188,39.9380400404406],[-74.0759009983705,39.9380510610003]]}},{"type":"Feature","id":213580,"properties":{"OBJECTID":213580,"PRIMENAME":"Webster Avenue","ELEVTYP_F":0,"ELEVTYP_T":0},"geometry":{"type":"LineString","coordinates":[[-74.0754878469056,39.9407771164053],[-74.0768122432751,39.9409034969208],[-74.0774569775159,39.9409677563653]]}},{"type":"Feature","id":215588,"properties":{"OBJECTID":215588,"PRIMENAME":"Ocean Avenue","ELEVTYP_F":0,"ELEVTYP_T":0},"geometry":{"type":"LineString","coordinates":[[-74.0685756676084,39.9544304358093],[-74.0685705108969,39.9544675070682],[-74.0684670678819,39.9551075909227]]}},{"type":"Feature","id":215820,"properties":{"OBJECTID":215820,"PRIMENAME":"FR RT 35 NB to CO 629 SB","ELEVTYP_F":0,"ELEVTYP_T":0},"geometry":{"type":"LineString","coordinates":[[-74.0813985849249,39.9415838158047],[-74.0812866754878,39.9416798116248]]}},{"type":"Feature","id":216196,"properties":{"OBJECTID":216196,"PRIMENAME":"FR RT 35 NB to CO 629 SB","ELEVTYP_F":0,"ELEVTYP_T":0},"geometry":{"type":"LineString","coordinates":[[-74.0798013450907,39.9421469907871],[-74.0796129966049,39.9420990601102],[-74.0795291423066,39.9420585364125],[-74.0795126403968,39.9420443921127],[-74.0794972072089,39.9420295501934],[-74.0794828924231,39.942014058432],[-74.0794697421193,39.941997966698],[-74.0794577986286,39.9419813267921],[-74.0794471003973,39.9419641922797],[-74.079437681863,39.9419466183181],[-74.0794295733437,39.9419286614794],[-74.0794222526483,39.9419087039492],[-74.0794165499516,39.9418884360477],[-74.0793498250586,39.9416774302929]]}},{"type":"Feature","id":217252,"properties":{"OBJECTID":217252,"PRIMENAME":"Bay Boulevard","ELEVTYP_F":0,"ELEVTYP_T":0},"geometry":{"type":"LineString","coordinates":[[-74.0782204848372,39.9497674845188],[-74.0782233878481,39.9496665746186],[-74.0782317557742,39.9495121768008],[-74.078251691944,39.9492920428397],[-74.0782692744598,39.9491298549299],[-74.0782768759455,39.9490800388835]]}},{"type":"Feature","id":218076,"properties":{"OBJECTID":218076,"PRIMENAME":"East Central Avenue","ELEVTYP_F":0,"ELEVTYP_T":0},"geometry":{"type":"LineString","coordinates":[[-74.0750238968363,39.9435857566814],[-74.0749293546988,39.9441600191076],[-74.0749126359118,39.9442621411608]]}},{"type":"Feature","id":218294,"properties":{"OBJECTID":218294,"PRIMENAME":"Harding Avenue","ELEVTYP_F":0,"ELEVTYP_T":0},"geometry":{"type":"LineString","coordinates":[[-74.0738732785764,39.9517349044432],[-74.0736877433362,39.9517128637254]]}},{"type":"Feature","id":220680,"properties":{"OBJECTID":220680,"PRIMENAME":"Carteret Avenue","ELEVTYP_F":0,"ELEVTYP_T":0},"geometry":{"type":"LineString","coordinates":[[-74.0728100360178,39.9468275768535],[-74.0734677925,39.9468998417717],[-74.0744599825994,39.9469839819055]]}},{"type":"Feature","id":221024,"properties":{"OBJECTID":221024,"PRIMENAME":"Trinidad Avenue","ELEVTYP_F":0,"ELEVTYP_T":0},"geometry":{"type":"LineString","coordinates":[[-74.0871078764315,39.9431731655436],[-74.0871893033154,39.9431734554978],[-74.0872706498957,39.9431812678794],[-74.0873519801584,39.9431916048497],[-74.0874398089316,39.943206935032],[-74.0880442861242,39.9433582716328],[-74.0881984566311,39.9433968691257],[-74.0883107142584,39.9434249746844]]}},{"type":"Feature","id":221661,"properties":{"OBJECTID":221661,"PRIMENAME":"7th Avenue","ELEVTYP_F":0,"ELEVTYP_T":0},"geometry":{"type":"LineString","coordinates":[[-74.0729882742573,39.9548531987107],[-74.0715180247615,39.9547111367697]]}},{"type":"Feature","id":221726,"properties":{"OBJECTID":221726,"PRIMENAME":"Ocean Boulevard","ELEVTYP_F":0,"ELEVTYP_T":0},"geometry":{"type":"LineString","coordinates":[[-74.074169195431,39.9385741332075],[-74.0740569556863,39.9392589418455]]}},{"type":"Feature","id":221733,"properties":{"OBJECTID":221733,"PRIMENAME":"FR RT 35 NB to RT 35 SB","ELEVTYP_F":0,"ELEVTYP_T":0},"geometry":{"type":"LineString","coordinates":[[-74.0788338223129,39.9372758845412],[-74.0789377326379,39.9372096918605],[-74.0789822655739,39.937181323411],[-74.0789881718937,39.9371363036728],[-74.078998015746,39.9370612701738]]}},{"type":"Feature","id":223107,"properties":{"OBJECTID":223107,"PRIMENAME":"Hiering Avenue","ELEVTYP_F":0,"ELEVTYP_T":0},"geometry":{"type":"LineString","coordinates":[[-74.072581301121,39.9482240508849],[-74.0739761626868,39.9483584373304],[-74.0742345426286,39.94838379314]]}},{"type":"Feature","id":223344,"properties":{"OBJECTID":223344,"PRIMENAME":"Ocean Terrace","ELEVTYP_F":0,"ELEVTYP_T":0},"geometry":{"type":"LineString","coordinates":[[-74.0701716722364,39.9472633463362],[-74.0702328216785,39.9468965978667],[-74.0702825182593,39.9465815024699]]}},{"type":"Feature","id":223889,"properties":{"OBJECTID":223889,"PRIMENAME":"8th Avenue","ELEVTYP_F":0,"ELEVTYP_T":0},"geometry":{"type":"LineString","coordinates":[[-74.0781215437138,39.9546605988181],[-74.0782746785854,39.9546623638359]]}},{"type":"Feature","id":224031,"properties":{"OBJECTID":224031,"PRIMENAME":"Washington Avenue","ELEVTYP_F":0,"ELEVTYP_T":0},"geometry":{"type":"LineString","coordinates":[[-74.0770287572476,39.9508278006204],[-74.0770571702552,39.9504887955587],[-74.0770691845448,39.950350856381]]}},{"type":"Feature","id":225234,"properties":{"OBJECTID":225234,"PRIMENAME":"Sunset Drive South","ELEVTYP_F":0,"ELEVTYP_T":0},"geometry":{"type":"LineString","coordinates":[[-74.0860135920449,39.9413882778344],[-74.0859400498266,39.9413694839038],[-74.0859238556464,39.9413518828402],[-74.0859239916743,39.9413293159089],[-74.0859294484641,39.9413160561544],[-74.0860660991608,39.940983987466],[-74.0860956735135,39.9409414567953],[-74.0861284108171,39.9409064881027],[-74.0861709119132,39.9408790761235],[-74.0862263702302,39.9408617308278],[-74.0864122756816,39.940812263036]]}},{"type":"Feature","id":225322,"properties":{"OBJECTID":225322,"PRIMENAME":"Arnold Avenue","ELEVTYP_F":0,"ELEVTYP_T":0},"geometry":{"type":"LineString","coordinates":[[-74.0782627572982,39.9504525553307],[-74.0781013735809,39.9504421125417]]}},{"type":"Feature","id":225499,"properties":{"OBJECTID":225499,"PRIMENAME":"East Central Avenue","ELEVTYP_F":0,"ELEVTYP_T":0},"geometry":{"type":"LineString","coordinates":[[-74.0754878469056,39.9407771164053],[-74.0754672754565,39.9409028898792],[-74.0753750649754,39.9414589589364]]}},{"type":"Feature","id":227028,"properties":{"OBJECTID":227028,"PRIMENAME":"Central Avenue","ELEVTYP_F":0,"ELEVTYP_T":0},"geometry":{"type":"LineString","coordinates":[[-74.078998015746,39.9370612701738],[-74.0789541002424,39.9370572547411]]}},{"type":"Feature","id":227541,"properties":{"OBJECTID":227541,"PRIMENAME":"Roanoke Avenue","ELEVTYP_F":0,"ELEVTYP_T":0},"geometry":{"type":"LineString","coordinates":[[-74.0879483959263,39.9411901989841],[-74.0864122756816,39.940812263036]]}},{"type":"Feature","id":228935,"properties":{"OBJECTID":228935,"PRIMENAME":"FR RT 37 EB to RT 35 SB","ELEVTYP_F":0,"ELEVTYP_T":0},"geometry":{"type":"LineString","coordinates":[[-74.0817015119067,39.939148298929],[-74.0815967931475,39.9389296885483],[-74.0815544075384,39.9388443330351],[-74.0815098872565,39.9387596239146],[-74.0814632489339,39.9386755928178],[-74.0814145099935,39.9385922711227],[-74.0813636886422,39.9385096899419],[-74.0813108038645,39.9384278801118],[-74.081255875415,39.9383468721802],[-74.0811989238114,39.9382666963959]]}},{"type":"Feature","id":230294,"properties":{"OBJECTID":230294,"PRIMENAME":"Sheridan Avenue","ELEVTYP_F":0,"ELEVTYP_T":0},"geometry":{"type":"LineString","coordinates":[[-74.0749126359118,39.9442621411608],[-74.0769626645754,39.9444625850753],[-74.0777816475766,39.9445422212905]]}},{"type":"Feature","id":230635,"properties":{"OBJECTID":230635,"PRIMENAME":"Bay Boulevard","ELEVTYP_F":0,"ELEVTYP_T":0},"geometry":{"type":"LineString","coordinates":[[-74.0783750831529,39.9514987345512],[-74.0783135451277,39.9509301893863]]}},{"type":"Feature","id":230740,"properties":{"OBJECTID":230740,"PRIMENAME":"Kearney Avenue","ELEVTYP_F":0,"ELEVTYP_T":0},"geometry":{"type":"LineString","coordinates":[[-74.0785228104922,39.9467019378326],[-74.0773408654066,39.9465820265114]]}},{"type":"Feature","id":230927,"properties":{"OBJECTID":230927,"PRIMENAME":"Bay Boulevard","ELEVTYP_F":0,"ELEVTYP_T":0},"geometry":{"type":"LineString","coordinates":[[-74.0783214999396,39.9488214360377],[-74.0783803662855,39.9486512170629],[-74.0784441334102,39.9485484973541],[-74.078519204879,39.9484229495803],[-74.078579279482,39.9483230716314],[-74.0786244099129,39.9482402970338],[-74.0786770998929,39.9481232335906],[-74.0787111360016,39.9480289984858],[-74.0787294961707,39.9479542410937],[-74.0787378054791,39.9479204053429],[-74.0787647729014,39.9477632206565]]}},{"type":"Feature","id":235080,"properties":{"OBJECTID":235080,"PRIMENAME":"West Colony Road","ELEVTYP_F":0,"ELEVTYP_T":0},"geometry":{"type":"LineString","coordinates":[[-74.073010525181,39.9490398831053],[-74.0729645679657,39.9491509348573],[-74.0729506279289,39.949275263955]]}},{"type":"Feature","id":235088,"properties":{"OBJECTID":235088,"PRIMENAME":"Surf Road","ELEVTYP_F":0,"ELEVTYP_T":0},"geometry":{"type":"LineString","coordinates":[[-74.0696254232056,39.9500521018166],[-74.0696644241122,39.9500931029507],[-74.0697674240352,39.9501151032514],[-74.0700554232929,39.9501491026408],[-74.0722289406879,39.950409788397]]}},{"type":"Feature","id":235359,"properties":{"OBJECTID":235359,"PRIMENAME":"Ocean Boulevard","ELEVTYP_F":0,"ELEVTYP_T":0},"geometry":{"type":"LineString","coordinates":[[-74.072581301121,39.9482240508849],[-74.0725327090858,39.9485218683707]]}},{"type":"Feature","id":235735,"properties":{"OBJECTID":235735,"PRIMENAME":"Pennsylvania Avenue","ELEVTYP_F":0,"ELEVTYP_T":0},"geometry":{"type":"LineString","coordinates":[[-74.0732509161045,39.9532208581003],[-74.0733368911366,39.952692057867]]}},{"type":"Feature","id":236559,"properties":{"OBJECTID":236559,"PRIMENAME":"Dune Terrace","ELEVTYP_F":0,"ELEVTYP_T":0},"geometry":{"type":"LineString","coordinates":[[-74.0697984240926,39.9492821042526],[-74.0697594252614,39.9493191022571],[-74.0697344248929,39.949394102865],[-74.0696784237227,39.9496941037283]]}},{"type":"Feature","id":236743,"properties":{"OBJECTID":236743,"PRIMENAME":"Central Avenue","ELEVTYP_F":0,"ELEVTYP_T":0},"geometry":{"type":"LineString","coordinates":[[-74.0811989238114,39.9382666963959],[-74.0811791392045,39.9382358763042],[-74.0810890726582,39.9381269156254],[-74.080948861068,39.9379712679037],[-74.0808637053102,39.9378933202182],[-74.0807384029084,39.937784259801],[-74.0807017271853,39.9377530524858]]}},{"type":"Feature","id":237460,"properties":{"OBJECTID":237460,"PRIMENAME":"West Colony Avenue","ELEVTYP_F":0,"ELEVTYP_T":0},"geometry":{"type":"LineString","coordinates":[[-74.0728664247969,39.9496231029803],[-74.072835667533,39.9498497442926]]}},{"type":"Feature","id":237737,"properties":{"OBJECTID":237737,"PRIMENAME":"Dewey Drive","ELEVTYP_F":0,"ELEVTYP_T":0},"geometry":{"type":"LineString","coordinates":[[-74.0764620700696,39.9486030443517],[-74.0764092850056,39.9488985945653]]}},{"type":"Feature","id":241419,"properties":{"OBJECTID":241419,"PRIMENAME":"Tunney Avenue","ELEVTYP_F":0,"ELEVTYP_T":0},"geometry":{"type":"LineString","coordinates":[[-74.0771402000655,39.9496740499221],[-74.0771737637598,39.9496570137422],[-74.0772183510794,39.9496571763479],[-74.0780530535317,39.9497490303321]]}},{"type":"Feature","id":242018,"properties":{"OBJECTID":242018,"PRIMENAME":"Bay Terrace","ELEVTYP_F":0,"ELEVTYP_T":0},"geometry":{"type":"LineString","coordinates":[[-74.0779625913568,39.9378776073458],[-74.0762003511851,39.9377068960482]]}},{"type":"Feature","id":242021,"properties":{"OBJECTID":242021,"PRIMENAME":"Ocean Boulevard","ELEVTYP_F":0,"ELEVTYP_T":0},"geometry":{"type":"LineString","coordinates":[[-74.0733705270392,39.943424817401],[-74.0732578156378,39.9441026775241]]}},{"type":"Feature","id":242048,"properties":{"OBJECTID":242048,"PRIMENAME":"Bay Boulevard","ELEVTYP_F":0,"ELEVTYP_T":0},"geometry":{"type":"LineString","coordinates":[[-74.0791034575341,39.9432521394547],[-74.079072665511,39.9434168881728],[-74.0790186289859,39.9437369960043],[-74.0789799995461,39.943964200596]]}},{"type":"Feature","id":246133,"properties":{"OBJECTID":246133,"PRIMENAME":"Coolidge Avenue","ELEVTYP_F":0,"ELEVTYP_T":0},"geometry":{"type":"LineString","coordinates":[[-74.0767948448617,39.9525666945761],[-74.0771499693784,39.9526002755534],[-74.0778630295162,39.9526628607519],[-74.0783309664332,39.9527114547975]]}},{"type":"Feature","id":247142,"properties":{"OBJECTID":247142,"PRIMENAME":"8th Avenue","ELEVTYP_F":0,"ELEVTYP_T":0},"geometry":{"type":"LineString","coordinates":[[-74.0782746785854,39.9546623638359],[-74.0783576130139,39.954663323919],[-74.0784530339328,39.9546584269749],[-74.0785655510175,39.9546404975374],[-74.0786542547756,39.9546198180369],[-74.0787429190952,39.9545939213959],[-74.0801630990944,39.9540879113446],[-74.0802859449354,39.9540490418327],[-74.0804155074247,39.9540258734098],[-74.0805313480674,39.9540184681118],[-74.0806778690363,39.9540163906019],[-74.0808209028878,39.9540247593782],[-74.0809638363267,39.9540436425391],[-74.081232627109,39.9540970505835]]}},{"type":"Feature","id":247793,"properties":{"OBJECTID":247793,"PRIMENAME":"FR RT 35 NB to CO 51","ELEVTYP_F":0,"ELEVTYP_T":0},"geometry":{"type":"LineString","coordinates":[[-74.0740519516529,39.949044566973],[-74.0738457918244,39.9490075700419],[-74.0736835620286,39.9489803312247],[-74.0735209008075,39.9489546619613],[-74.0733578337918,39.9489305662965],[-74.0731943866758,39.9489080480268],[-74.0730633717826,39.9488911699425],[-74.0727003850085,39.9488576573684],[-74.0726557760319,39.9488483952147],[-74.0726134825589,39.9488340779131],[-74.0725781935245,39.9488171367894],[-74.0725462090233,39.9487966748895],[-74.072518117887,39.948773068917],[-74.0724944372688,39.9487467534577]]}},{"type":"Feature","id":250138,"properties":{"OBJECTID":250138,"PRIMENAME":"Grant Avenue","ELEVTYP_F":0,"ELEVTYP_T":0},"geometry":{"type":"LineString","coordinates":[[-74.0771367806661,39.9430571715109],[-74.0753962625958,39.9428823541502],[-74.075143636829,39.9428585046003]]}},{"type":"Feature","id":250906,"properties":{"OBJECTID":250906,"PRIMENAME":"State Highway 37","ELEVTYP_F":0,"ELEVTYP_T":0},"geometry":{"type":"LineString","coordinates":[[-74.0776201890029,39.9372779764309],[-74.0780477871368,39.937307592462],[-74.0783832944595,39.937330829174],[-74.0784281590729,39.9373314075404],[-74.0788261749488,39.9373365298648],[-74.0788300798346,39.9373366710504]]}},{"type":"Feature","id":252055,"properties":{"OBJECTID":252055,"PRIMENAME":"FR RT 35 NB to PORTER AVE","ELEVTYP_F":0,"ELEVTYP_T":0},"geometry":{"type":"LineString","coordinates":[[-74.0776201890029,39.9372779764309],[-74.0777159641109,39.9372926286606],[-74.0778084972504,39.9373357937675],[-74.0778528816995,39.9373631020447],[-74.0778824713555,39.9373813069529],[-74.0779316373544,39.9374243410873],[-74.0779719671802,39.937455138342],[-74.078026243226,39.9374916698555]]}},{"type":"Feature","id":252199,"properties":{"OBJECTID":252199,"PRIMENAME":"Barnegat Avenue","ELEVTYP_F":0,"ELEVTYP_T":0},"geometry":{"type":"LineString","coordinates":[[-74.0779313007184,39.9452520355449],[-74.0779288156736,39.9454359127323],[-74.0779283765471,39.9455073729061],[-74.0779250094893,39.9455502715782],[-74.0779153108459,39.94561936429],[-74.0778993335344,39.9457003226688],[-74.0778899132221,39.9457241185688],[-74.07787731038,39.9457550680626],[-74.0778554554188,39.945788344639],[-74.0777653700617,39.9459253683079]]}},{"type":"Feature","id":252201,"properties":{"OBJECTID":252201,"PRIMENAME":"Hiering Avenue","ELEVTYP_F":0,"ELEVTYP_T":0},"geometry":{"type":"LineString","coordinates":[[-74.0742345426286,39.94838379314],[-74.076293135889,39.9485857350481],[-74.0764620700696,39.9486030443517]]}},{"type":"Feature","id":252208,"properties":{"OBJECTID":252208,"PRIMENAME":"Hancock Avenue","ELEVTYP_F":0,"ELEVTYP_T":0},"geometry":{"type":"LineString","coordinates":[[-74.0748009860542,39.9449437121394],[-74.0732802311472,39.9447946788989],[-74.0731459493445,39.9447818303894]]}},{"type":"Feature","id":252327,"properties":{"OBJECTID":252327,"PRIMENAME":"Barnegat Avenue","ELEVTYP_F":0,"ELEVTYP_T":0},"geometry":{"type":"LineString","coordinates":[[-74.0773408654066,39.9465820265114],[-74.0772396304428,39.946739352631],[-74.0769323783248,39.9472253443046]]}},{"type":"Feature","id":256419,"properties":{"OBJECTID":256419,"PRIMENAME":"Ocean Avenue","ELEVTYP_F":0,"ELEVTYP_T":0},"geometry":{"type":"LineString","coordinates":[[-74.0686708973976,39.9537459836337],[-74.0685756676084,39.9544304358093]]}},{"type":"Feature","id":256757,"properties":{"OBJECTID":256757,"PRIMENAME":"Ocean Boulevard","ELEVTYP_F":0,"ELEVTYP_T":0},"geometry":{"type":"LineString","coordinates":[[-74.0729228385677,39.9461423608006],[-74.0728100360178,39.9468275768535]]}},{"type":"Feature","id":257185,"properties":{"OBJECTID":257185,"PRIMENAME":"Ocean Terrace","ELEVTYP_F":0,"ELEVTYP_T":0},"geometry":{"type":"LineString","coordinates":[[-74.0713187377411,39.9410614632478],[-74.0713481322664,39.9408776306393],[-74.0714093258731,39.9405247180734],[-74.0714161081315,39.940489437821],[-74.0714650071983,39.9403864470752]]}},{"type":"Feature","id":261528,"properties":{"OBJECTID":261528,"PRIMENAME":"Bay Boulevard","ELEVTYP_F":0,"ELEVTYP_T":0},"geometry":{"type":"LineString","coordinates":[[-74.0791301342581,39.9425191364688],[-74.0791402283651,39.9428275625344],[-74.0791034575341,39.9432521394547]]}},{"type":"Feature","id":262823,"properties":{"OBJECTID":262823,"PRIMENAME":"Fielder Avenue","ELEVTYP_F":0,"ELEVTYP_T":0},"geometry":{"type":"LineString","coordinates":[[-74.0717918491012,39.9530530065588],[-74.0721494258933,39.9530936680953],[-74.0732509161045,39.9532208581003]]}},{"type":"Feature","id":262824,"properties":{"OBJECTID":262824,"PRIMENAME":"Sunset Drive South","ELEVTYP_F":0,"ELEVTYP_T":0},"geometry":{"type":"LineString","coordinates":[[-74.0864122756816,39.940812263036],[-74.0872795875812,39.9406073091769],[-74.0873317089608,39.9406050231405],[-74.0873772897434,39.9406051853663],[-74.0874195644332,39.9406153571674],[-74.0874715443573,39.9406305867743],[-74.0880404872894,39.940970044669]]}},{"type":"Feature","id":262872,"properties":{"OBJECTID":262872,"PRIMENAME":"East Central Avenue","ELEVTYP_F":0,"ELEVTYP_T":0},"geometry":{"type":"LineString","coordinates":[[-74.0752617710775,39.9421424197847],[-74.0752290211617,39.9423398571728],[-74.075143636829,39.9428585046003]]}},{"type":"Feature","id":264235,"properties":{"OBJECTID":264235,"PRIMENAME":"Bay Boulevard","ELEVTYP_F":0,"ELEVTYP_T":0},"geometry":{"type":"LineString","coordinates":[[-74.0797761805134,39.9391183009169],[-74.0797613547047,39.9392098057944],[-74.0796606912047,39.9397952787117]]}},{"type":"Feature","id":264366,"properties":{"OBJECTID":264366,"PRIMENAME":"Central Avenue","ELEVTYP_F":0,"ELEVTYP_T":0},"geometry":{"type":"LineString","coordinates":[[-74.0816775757952,39.9392943734513],[-74.081636983789,39.9391880092292],[-74.0816280038659,39.9391669442216],[-74.0815425714874,39.9389665275802],[-74.0814183765445,39.9386752058404],[-74.0813071483879,39.9384568752233]]}},{"type":"Feature","id":265415,"properties":{"OBJECTID":265415,"PRIMENAME":"Kearney Avenue","ELEVTYP_F":0,"ELEVTYP_T":0},"geometry":{"type":"LineString","coordinates":[[-74.0773408654066,39.9465820265114],[-74.0760258904392,39.9464486041228],[-74.0745746906288,39.9463051681036]]}},{"type":"Feature","id":265842,"properties":{"OBJECTID":265842,"PRIMENAME":"North Ocean Avenue","ELEVTYP_F":0,"ELEVTYP_T":0},"geometry":{"type":"LineString","coordinates":[[-74.0721820361664,39.9369204965284],[-74.072373434754,39.936246656716]]}},{"type":"Feature","id":267116,"properties":{"OBJECTID":267116,"PRIMENAME":"Ocean Boulevard","ELEVTYP_F":0,"ELEVTYP_T":0},"geometry":{"type":"LineString","coordinates":[[-74.0742775715389,39.9378965033032],[-74.0741777577849,39.938521920465],[-74.074169195431,39.9385741332075]]}},{"type":"Feature","id":273719,"properties":{"OBJECTID":273719,"PRIMENAME":"Lincoln Avenue","ELEVTYP_F":0,"ELEVTYP_T":0},"geometry":{"type":"LineString","coordinates":[[-74.0797761805134,39.9391183009169],[-74.0777892458932,39.9389305727603]]}},{"type":"Feature","id":273759,"properties":{"OBJECTID":273759,"PRIMENAME":"Hiering Avenue","ELEVTYP_F":0,"ELEVTYP_T":0},"geometry":{"type":"LineString","coordinates":[[-74.0764620700696,39.9486030443517],[-74.0770572791945,39.9486639681089]]}},{"type":"Feature","id":275539,"properties":{"OBJECTID":275539,"PRIMENAME":"Bay Boulevard","ELEVTYP_F":0,"ELEVTYP_T":0},"geometry":{"type":"LineString","coordinates":[[-74.0783135451277,39.9509301893863],[-74.0782946725022,39.9507563929244],[-74.0782627572982,39.9504525553307]]}},{"type":"Feature","id":276302,"properties":{"OBJECTID":276302,"PRIMENAME":"Dupont Avenue","ELEVTYP_F":0,"ELEVTYP_T":0},"geometry":{"type":"LineString","coordinates":[[-74.0759009983705,39.9380510610003],[-74.0759996608524,39.9380603992782]]}},{"type":"Feature","id":276319,"properties":{"OBJECTID":276319,"PRIMENAME":"Halsey Avenue","ELEVTYP_F":0,"ELEVTYP_T":0},"geometry":{"type":"LineString","coordinates":[[-74.0781518015389,39.9509316599954],[-74.0783135451277,39.9509301893863]]}},{"type":"Feature","id":277059,"properties":{"OBJECTID":277059,"PRIMENAME":"Blaine Avenue","ELEVTYP_F":0,"ELEVTYP_T":0},"geometry":{"type":"LineString","coordinates":[[-74.0707799016504,39.9416992257987],[-74.0710917798659,39.9417318698628],[-74.0711877572744,39.9417435630774]]}},{"type":"Feature","id":278495,"properties":{"OBJECTID":278495,"PRIMENAME":"Fort Avenue","ELEVTYP_F":0,"ELEVTYP_T":0},"geometry":{"type":"LineString","coordinates":[[-74.0783192356343,39.953215793482],[-74.0781123870804,39.9531957134259],[-74.0774847742949,39.9531419520399],[-74.0767121026248,39.9530732165818]]}},{"type":"Feature","id":278535,"properties":{"OBJECTID":278535,"PRIMENAME":"West Colony Avenue","ELEVTYP_F":0,"ELEVTYP_T":0},"geometry":{"type":"LineString","coordinates":[[-74.072835667533,39.9498497442926],[-74.0728094261526,39.9500431037506]]}},{"type":"Feature","id":278900,"properties":{"OBJECTID":278900,"PRIMENAME":"Hiering Avenue","ELEVTYP_F":0,"ELEVTYP_T":0},"geometry":{"type":"LineString","coordinates":[[-74.0700628068698,39.9479587594052],[-74.0720216896468,39.9481701539517],[-74.072581301121,39.9482240508849]]}},{"type":"Feature","id":279024,"properties":{"OBJECTID":279024,"PRIMENAME":"State Highway 35","ELEVTYP_F":0,"ELEVTYP_T":0},"geometry":{"type":"LineString","coordinates":[[-74.077832983068,39.9488408258597],[-74.0779595797007,39.9487532140833],[-74.0780547880146,39.9486762541664],[-74.0781267407184,39.9486180912123],[-74.078248410759,39.9485021022135],[-74.0783954642627,39.9483591362406],[-74.0785275959626,39.9481889358886],[-74.078619160102,39.9480495562867],[-74.0786752084628,39.9479489223595],[-74.0786766130855,39.947946011853],[-74.0787647729014,39.9477632206565]]}},{"type":"Feature","id":279742,"properties":{"OBJECTID":279742,"PRIMENAME":"Porter Avenue","ELEVTYP_F":0,"ELEVTYP_T":0},"geometry":{"type":"LineString","coordinates":[[-74.0762620774555,39.9373382237124],[-74.0767091772803,39.9373782750802],[-74.078026243226,39.9374916698555]]}},{"type":"Feature","id":281834,"properties":{"OBJECTID":281834,"PRIMENAME":"Bay Boulevard","ELEVTYP_F":0,"ELEVTYP_T":0},"geometry":{"type":"LineString","coordinates":[[-74.0784495610736,39.9522084108076],[-74.0784353758679,39.9520552496779],[-74.0783750831529,39.9514987345512]]}},{"type":"Feature","id":282143,"properties":{"OBJECTID":282143,"PRIMENAME":"Eisenhower Terrace","ELEVTYP_F":0,"ELEVTYP_T":0},"geometry":{"type":"LineString","coordinates":[[-74.0816918968751,39.951822542374],[-74.0816931163476,39.9516223533095],[-74.0816825782883,39.9515136802382],[-74.0816538227877,39.9513562389498]]}},{"type":"Feature","id":283167,"properties":{"OBJECTID":283167,"PRIMENAME":"Central Avenue","ELEVTYP_F":0,"ELEVTYP_T":0},"geometry":{"type":"LineString","coordinates":[[-74.0812416970135,39.9419542771646],[-74.0813232635441,39.9418753502602],[-74.0813608076832,39.9418330135188],[-74.0814501103494,39.9417323072467],[-74.0816126320939,39.9415349518179],[-74.0817347078741,39.941349282041],[-74.0817945674062,39.9412245012441],[-74.0817952541057,39.941222993222]]}},{"type":"Feature","id":286807,"properties":{"OBJECTID":286807,"PRIMENAME":"FR CO 629 to RAMP Y101330","ELEVTYP_F":0,"ELEVTYP_T":0},"geometry":{"type":"LineString","coordinates":[[-74.0794570563385,39.941010526404],[-74.0796246465376,39.9407957587879],[-74.0796583730836,39.9407455581163],[-74.0796948779182,39.940713267417],[-74.0797328055569,39.9406876804815],[-74.0797736003628,39.9406654807063],[-74.0798172863462,39.9406488650196],[-74.0798594744103,39.9406378166126],[-74.0799220155901,39.9406291207444],[-74.0799902985478,39.9406259913457],[-74.0800603068249,39.940626794373]]}},{"type":"Feature","id":286890,"properties":{"OBJECTID":286890,"PRIMENAME":"FR CO 47 to RT 35 NB","ELEVTYP_F":0,"ELEVTYP_T":0},"geometry":{"type":"LineString","coordinates":[[-74.0759996608524,39.9380603992782],[-74.0760162340383,39.9379580296258],[-74.0760380705539,39.9378175005895]]}},{"type":"Feature","id":288331,"properties":{"OBJECTID":288331,"PRIMENAME":null,"ELEVTYP_F":0,"ELEVTYP_T":0},"geometry":{"type":"LineString","coordinates":[[-74.0727977532205,39.9509696795778],[-74.0730420074031,39.9509620964482],[-74.073319545239,39.9509769549819],[-74.0734511169028,39.9509802124366],[-74.0735738891355,39.9509529076969],[-74.0736660962113,39.9509074815679],[-74.0737159160065,39.9508695042398],[-74.0737657345819,39.9508315259848],[-74.073871662583,39.9507420872357]]}},{"type":"Feature","id":288648,"properties":{"OBJECTID":288648,"PRIMENAME":"FR RT 35 NB to CO 629 SB","ELEVTYP_F":0,"ELEVTYP_T":0},"geometry":{"type":"LineString","coordinates":[[-74.0812866754878,39.9416798116248],[-74.0811874405322,39.9417649346529],[-74.0810713506926,39.9418402050218],[-74.0809891812923,39.9418976439165],[-74.0808979591338,39.9419480217501],[-74.0807885616685,39.9420018745056],[-74.0806951000132,39.942045270746],[-74.0805698905255,39.9420832810793],[-74.0803923845092,39.9421228854343],[-74.0802558488581,39.942146880745],[-74.0800989851716,39.9421585840774],[-74.0799853537041,39.9421581724827],[-74.0799081992459,39.9421594034499],[-74.0798013450907,39.9421469907871]]}},{"type":"Feature","id":288764,"properties":{"OBJECTID":288764,"PRIMENAME":"8th Avenue","ELEVTYP_F":0,"ELEVTYP_T":0},"geometry":{"type":"LineString","coordinates":[[-74.0773132459955,39.9545929185418],[-74.0778297532886,39.9546404279919],[-74.0780272306005,39.9546594863624],[-74.0781215437138,39.9546605988181]]}},{"type":"Feature","id":289049,"properties":{"OBJECTID":289049,"PRIMENAME":"FR RT 35 NB to CO 47","ELEVTYP_F":0,"ELEVTYP_T":0},"geometry":{"type":"LineString","coordinates":[[-74.0760305081472,39.9365984841437],[-74.0759444864916,39.9369511158734],[-74.0759176572109,39.9370797218939],[-74.0758909386984,39.9372771817084],[-74.0758900280158,39.937282925843]]}},{"type":"Feature","id":289131,"properties":{"OBJECTID":289131,"PRIMENAME":"Sherman Avenue","ELEVTYP_F":0,"ELEVTYP_T":0},"geometry":{"type":"LineString","coordinates":[[-74.0778373114384,39.9438597571569],[-74.0771124503178,39.9437879865529]]}},{"type":"Feature","id":289837,"properties":{"OBJECTID":289837,"PRIMENAME":"Ocean Boulevard","ELEVTYP_F":0,"ELEVTYP_T":0},"geometry":{"type":"LineString","coordinates":[[-74.0736103185375,39.9419769054231],[-74.0734906881298,39.9427014938982]]}},{"type":"Feature","id":289940,"properties":{"OBJECTID":289940,"PRIMENAME":"Lincoln Avenue","ELEVTYP_F":0,"ELEVTYP_T":0},"geometry":{"type":"LineString","coordinates":[[-74.0777892458932,39.9389305727603],[-74.0775415524562,39.9389071859512],[-74.0758661049531,39.9387464495503],[-74.0758190908173,39.9387419397118]]}},{"type":"Feature","id":290160,"properties":{"OBJECTID":290160,"PRIMENAME":"West Colony Avenue","ELEVTYP_F":0,"ELEVTYP_T":0},"geometry":{"type":"LineString","coordinates":[[-74.0728094261526,39.9500431037506],[-74.0727654258136,39.9504051040844],[-74.0727744240838,39.9504311030108]]}},{"type":"Feature","id":290286,"properties":{"OBJECTID":290286,"PRIMENAME":"Ocean Terrace","ELEVTYP_F":0,"ELEVTYP_T":0},"geometry":{"type":"LineString","coordinates":[[-74.0716488003608,39.9397103884363],[-74.0716802510043,39.9396428312016],[-74.0716935478782,39.9396151247877],[-74.0717102490572,39.9395622001164],[-74.0717238130646,39.9394916386608],[-74.0717750507757,39.9391563151314],[-74.0717850821605,39.9391260971589],[-74.0718259312858,39.9390383688451]]}},{"type":"Feature","id":290795,"properties":{"OBJECTID":290795,"PRIMENAME":"Grand Central Avenue","ELEVTYP_F":0,"ELEVTYP_T":0},"geometry":{"type":"LineString","coordinates":[[-74.0724944372688,39.9487467534577],[-74.0724588282647,39.9489546122448],[-74.0723371372769,39.949519162146],[-74.0723338088736,39.9495306393703]]}},{"type":"Feature","id":291028,"properties":{"OBJECTID":291028,"PRIMENAME":"Ocean Boulevard","ELEVTYP_F":0,"ELEVTYP_T":0},"geometry":{"type":"LineString","coordinates":[[-74.0734906881298,39.9427014938982],[-74.0734694148099,39.9428303115049],[-74.0733705270392,39.943424817401]]}},{"type":"Feature","id":291121,"properties":{"OBJECTID":291121,"PRIMENAME":"West Central Avenue","ELEVTYP_F":0,"ELEVTYP_T":0},"geometry":{"type":"LineString","coordinates":[[-74.0739876418896,39.9501767177065],[-74.0740079983382,39.9500519878414],[-74.0740352966864,39.9499042656696],[-74.0740605671247,39.9497563299174],[-74.0740894749095,39.9495699432281],[-74.0741151637039,39.9493832774789],[-74.074116087647,39.9493773334609],[-74.0741418459354,39.9492179797237],[-74.0741694326875,39.9490588073816]]}},{"type":"Feature","id":291651,"properties":{"OBJECTID":291651,"PRIMENAME":"Bay Boulevard","ELEVTYP_F":0,"ELEVTYP_T":0},"geometry":{"type":"LineString","coordinates":[[-74.0789799995461,39.943964200596],[-74.0788637775762,39.9446474892557]]}},{"type":"Feature","id":293497,"properties":{"OBJECTID":293497,"PRIMENAME":"West Central Avenue","ELEVTYP_F":0,"ELEVTYP_T":0},"geometry":{"type":"LineString","coordinates":[[-74.0744599825994,39.9469839819055],[-74.0744459874081,39.9470667313722],[-74.074349152316,39.9476698659405]]}},{"type":"Feature","id":293770,"properties":{"OBJECTID":293770,"PRIMENAME":"Colony Road","ELEVTYP_F":0,"ELEVTYP_T":0},"geometry":{"type":"LineString","coordinates":[[-74.0723338088736,39.9495306393703],[-74.0698414240688,39.9492651034104],[-74.0697984240926,39.9492821042526]]}},{"type":"Feature","id":294576,"properties":{"OBJECTID":294576,"PRIMENAME":"Unnamed Segment","ELEVTYP_F":0,"ELEVTYP_T":0},"geometry":{"type":"LineString","coordinates":[[-74.0760380705539,39.9378175005895],[-74.076148500098,39.9377417236245],[-74.0762003511851,39.9377068960482]]}},{"type":"Feature","id":295030,"properties":{"OBJECTID":295030,"PRIMENAME":"Sheridan Avenue","ELEVTYP_F":0,"ELEVTYP_T":0},"geometry":{"type":"LineString","coordinates":[[-74.0702122802257,39.9438121665719],[-74.0707283692156,39.9438613543701]]}},{"type":"Feature","id":296833,"properties":{"OBJECTID":296833,"PRIMENAME":"Ocean Terrace","ELEVTYP_F":0,"ELEVTYP_T":0},"geometry":{"type":"LineString","coordinates":[[-74.0700628068698,39.9479587594052],[-74.0700215438651,39.9482367954185]]}},{"type":"Feature","id":298704,"properties":{"OBJECTID":298704,"PRIMENAME":"Ocean Boulevard","ELEVTYP_F":0,"ELEVTYP_T":0},"geometry":{"type":"LineString","coordinates":[[-74.0732578156378,39.9441026775241],[-74.0732174647402,39.9443454399607],[-74.0731459493445,39.9447818303894]]}},{"type":"Feature","id":300231,"properties":{"OBJECTID":300231,"PRIMENAME":"Sherman Avenue","ELEVTYP_F":0,"ELEVTYP_T":0},"geometry":{"type":"LineString","coordinates":[[-74.070422951694,39.9431419763183],[-74.0708946024343,39.943184079425]]}},{"type":"Feature","id":300405,"properties":{"OBJECTID":300405,"PRIMENAME":"Coolidge Avenue","ELEVTYP_F":0,"ELEVTYP_T":0},"geometry":{"type":"LineString","coordinates":[[-74.0719548169222,39.9520317502846],[-74.0734216875892,39.9522033628414]]}},{"type":"Feature","id":301911,"properties":{"OBJECTID":301911,"PRIMENAME":"Carteret Avenue","ELEVTYP_F":0,"ELEVTYP_T":0},"geometry":{"type":"LineString","coordinates":[[-74.0702825182593,39.9465815024699],[-74.0708579000989,39.9466323361844],[-74.0721283722392,39.9467570880568],[-74.0726702726877,39.9468122369352],[-74.0728100360178,39.9468275768535]]}},{"type":"Feature","id":302447,"properties":{"OBJECTID":302447,"PRIMENAME":"FR SUNSET DR to RT 37 WB","ELEVTYP_F":0,"ELEVTYP_T":0},"geometry":{"type":"LineString","coordinates":[[-74.0863279688949,39.9425521798014],[-74.0862302229177,39.9424307596046],[-74.0862143577681,39.9424060765362],[-74.0862085604657,39.9423797009262],[-74.0862096395297,39.9423722918932],[-74.0862111963552,39.9423624967701],[-74.0862150208717,39.9423492221719],[-74.0862226153348,39.942331925825],[-74.0862324753846,39.9423175207517],[-74.086242271216,39.9423077541303],[-74.0862581085215,39.942295676216],[-74.0862716418662,39.9422870767455],[-74.0862912109138,39.9422773179735],[-74.0863115136251,39.9422698955684],[-74.0863325208773,39.9422642050463],[-74.0863805656467,39.9422580075013],[-74.0864320945608,39.9422536616246],[-74.0865735099139,39.9422544127736]]}},{"type":"Feature","id":302617,"properties":{"OBJECTID":302617,"PRIMENAME":"FR RT 35 NB to RT 35 SB","ELEVTYP_F":0,"ELEVTYP_T":0},"geometry":{"type":"LineString","coordinates":[[-74.0754830113559,39.9492523701674],[-74.0753673856845,39.9492559504444],[-74.0752521210406,39.9492638369784],[-74.0751374880018,39.949276011256],[-74.0750237556635,39.9492924446986],[-74.0749597575024,39.9493055374972],[-74.0748972837971,39.9493224380842],[-74.0748367163714,39.9493430431677],[-74.0747784253992,39.9493672268148],[-74.0747227671424,39.9493948412212],[-74.0746700817737,39.9494257176144],[-74.0746206912973,39.9494596672855],[-74.0745748975813,39.949496482742],[-74.0745480672271,39.949526067816],[-74.0745254721239,39.9495576791171],[-74.0745073679802,39.9495909589088],[-74.0744939596825,39.9496255305723],[-74.0744853989765,39.9496610028686],[-74.0744817827493,39.9496969743656],[-74.0744831519328,39.9497330379813],[-74.0744894910399,39.9497687855908],[-74.0745015801142,39.9497949575037],[-74.0745176781601,39.9498198177649],[-74.074537550648,39.9498430041834],[-74.0745609080574,39.9498641789539],[-74.0745874100947,39.9498830335789],[-74.0746166706507,39.9498992933629],[-74.0746482634264,39.949912721415],[-74.0746817281432,39.9499231221],[-74.0747541670359,39.9499349574789],[-74.0748278480497,39.9499406641863],[-74.0749018984803,39.9499401746298],[-74.0749754412473,39.9499334946078],[-74.0749886947345,39.9499316327817]]}},{"type":"Feature","id":302991,"properties":{"OBJECTID":302991,"PRIMENAME":"East Central Avenue","ELEVTYP_F":0,"ELEVTYP_T":0},"geometry":{"type":"LineString","coordinates":[[-74.0759009983705,39.9380510610003],[-74.0758828288481,39.9381691828108],[-74.0758370168115,39.9386111872021],[-74.0758190908173,39.9387419397118]]}},{"type":"Feature","id":303066,"properties":{"OBJECTID":303066,"PRIMENAME":"Coolidge Avenue","ELEVTYP_F":0,"ELEVTYP_T":0},"geometry":{"type":"LineString","coordinates":[[-74.0825905962217,39.9545074128443],[-74.0822809971695,39.9534796361393],[-74.0821927280537,39.9531713687291]]}},{"type":"Feature","id":303374,"properties":{"OBJECTID":303374,"PRIMENAME":null,"ELEVTYP_F":0,"ELEVTYP_T":0},"geometry":{"type":"LineString","coordinates":[[-74.0739876418896,39.9501767177065],[-74.0740375049023,39.9501752318737],[-74.0740870975546,39.950170973344],[-74.0741361599009,39.9501639644389],[-74.0741844347758,39.9501542418962],[-74.0742780374703,39.9501202111559],[-74.0743723671617,39.9500873910963],[-74.074458731388,39.9500586123818],[-74.0749886947345,39.9499316327817]]}},{"type":"Feature","id":304711,"properties":{"OBJECTID":304711,"PRIMENAME":"Lincoln Avenue","ELEVTYP_F":0,"ELEVTYP_T":0},"geometry":{"type":"LineString","coordinates":[[-74.0758190908173,39.9387419397118],[-74.0757730740916,39.9387375433911],[-74.0753100595543,39.9386931301013],[-74.0743893309094,39.9385953670256],[-74.074169195431,39.9385741332075]]}},{"type":"Feature","id":304860,"properties":{"OBJECTID":304860,"PRIMENAME":"Central Avenue","ELEVTYP_F":0,"ELEVTYP_T":0},"geometry":{"type":"LineString","coordinates":[[-74.0818367835766,39.9397642042299],[-74.081790655669,39.9396114359677],[-74.0817363310101,39.9394483285263],[-74.0816775757952,39.9392943734513]]}},{"type":"Feature","id":304939,"properties":{"OBJECTID":304939,"PRIMENAME":"FR RT 35 SB to RT 37 WB","ELEVTYP_F":0,"ELEVTYP_T":0},"geometry":{"type":"LineString","coordinates":[[-74.0800774926331,39.9430197886412],[-74.0802686587383,39.9428646328444],[-74.0804637773486,39.9427124203524],[-74.0806627719742,39.9425632108154],[-74.0808655646082,39.9424170627061],[-74.0809470169914,39.9423642495721],[-74.0810298019744,39.942312678755],[-74.0811138875805,39.9422623701731],[-74.0811992413307,39.9422133432569]]}},{"type":"Feature","id":305972,"properties":{"OBJECTID":305972,"PRIMENAME":"FR RAMP A100280 to CO 629 NB","ELEVTYP_F":0,"ELEVTYP_T":0},"geometry":{"type":"LineString","coordinates":[[-74.0798013450907,39.9421469907871],[-74.0796718923923,39.9421325199313],[-74.0795378738471,39.9421180332735],[-74.0794220267165,39.9421123691296],[-74.079340177061,39.9421173161499],[-74.0792490711244,39.9421484745508],[-74.0791716019295,39.9421894290131]]}},{"type":"Feature","id":306785,"properties":{"OBJECTID":306785,"PRIMENAME":"FR CO 47 to RT 35 NB","ELEVTYP_F":0,"ELEVTYP_T":0},"geometry":{"type":"LineString","coordinates":[[-74.0760380705539,39.9378175005895],[-74.0760704211669,39.9376093167171],[-74.0760938400544,39.9374263940658],[-74.0761051790741,39.9373921182611],[-74.0761276982479,39.9373550010387],[-74.0761629039467,39.9373252052679],[-74.0761878542444,39.9373120307337]]}},{"type":"Feature","id":307151,"properties":{"OBJECTID":307151,"PRIMENAME":"FR CO 47 to RT 35 NB","ELEVTYP_F":0,"ELEVTYP_T":0},"geometry":{"type":"LineString","coordinates":[[-74.0761878542444,39.9373120307337],[-74.0762011182482,39.937305028416],[-74.0762393641157,39.9372911125404],[-74.0762754603093,39.9372848196582],[-74.0763309427088,39.937280767429],[-74.0767290222041,39.9372469979821]]}},{"type":"Feature","id":307498,"properties":{"OBJECTID":307498,"PRIMENAME":"Bay Boulevard","ELEVTYP_F":0,"ELEVTYP_T":0},"geometry":{"type":"LineString","coordinates":[[-74.0798780853035,39.9377346110574],[-74.0799297336541,39.9377919576025],[-74.0799554004238,39.937846381753],[-74.0799662481896,39.9378978969446],[-74.0799659334861,39.9379493716965],[-74.0798869570578,39.9384358970522]]}},{"type":"Feature","id":308171,"properties":{"OBJECTID":308171,"PRIMENAME":"Harding Avenue","ELEVTYP_F":0,"ELEVTYP_T":0},"geometry":{"type":"LineString","coordinates":[[-74.0720377916284,39.9515220754953],[-74.0715545690653,39.9514672494986],[-74.0691336889933,39.9511808849445]]}},{"type":"Feature","id":308592,"properties":{"OBJECTID":308592,"PRIMENAME":"Fielder Avenue","ELEVTYP_F":0,"ELEVTYP_T":0},"geometry":{"type":"LineString","coordinates":[[-74.0736307351222,39.9532646989967],[-74.0736343360179,39.9532651238656],[-74.0765457102294,39.9535732018391],[-74.076629172959,39.9535808916113]]}},{"type":"Feature","id":309382,"properties":{"OBJECTID":309382,"PRIMENAME":"State Highway 37","ELEVTYP_F":0,"ELEVTYP_T":0},"geometry":{"type":"LineString","coordinates":[[-74.0873915493496,39.9424590303093],[-74.0876157365601,39.9425150921985],[-74.0885162640812,39.9427401189425],[-74.0893006756105,39.9429396893532]]}},{"type":"Feature","id":310156,"properties":{"OBJECTID":310156,"PRIMENAME":"Boulevard Boulevard","ELEVTYP_F":0,"ELEVTYP_T":0},"geometry":{"type":"LineString","coordinates":[[-74.0743988005625,39.9371371840653],[-74.0742775715389,39.9378965033032]]}},{"type":"Feature","id":310586,"properties":{"OBJECTID":310586,"PRIMENAME":"Halsey Avenue","ELEVTYP_F":0,"ELEVTYP_T":0},"geometry":{"type":"LineString","coordinates":[[-74.0770287572476,39.9508278006204],[-74.0772629819822,39.9508555871566],[-74.0779767101689,39.9509286070464],[-74.0780670425325,39.9509323945788],[-74.0781518015389,39.9509316599954]]}},{"type":"Feature","id":311683,"properties":{"OBJECTID":311683,"PRIMENAME":"Washington Avenue","ELEVTYP_F":0,"ELEVTYP_T":0},"geometry":{"type":"LineString","coordinates":[[-74.0763675561484,39.955186970754],[-74.0764774966757,39.9545113226181]]}},{"type":"Feature","id":312261,"properties":{"OBJECTID":312261,"PRIMENAME":"Central Avenue","ELEVTYP_F":0,"ELEVTYP_T":0},"geometry":{"type":"LineString","coordinates":[[-74.0788300798346,39.9373366710504],[-74.0789357086531,39.9373420377843],[-74.07904100719,39.9373504094519],[-74.0791458312385,39.9373617745884],[-74.0792500372415,39.9373761176292],[-74.079353482488,39.9373934189315],[-74.0794560253087,39.9374136548012],[-74.0795575252697,39.9374367975251],[-74.079657843365,39.9374628154092],[-74.0797217427303,39.937478763807],[-74.0797839713249,39.9374982374988],[-74.079844201426,39.9375211339283],[-74.0799021158346,39.9375473325132],[-74.0799574095462,39.9375766952809],[-74.0800097913569,39.9376090675945],[-74.0800589853969,39.9376442789671],[-74.0801047325836,39.9376821439602],[-74.0801190684797,39.9376961344508]]}},{"type":"Feature","id":313527,"properties":{"OBJECTID":313527,"PRIMENAME":"Ocean Avenue","ELEVTYP_F":0,"ELEVTYP_T":0},"geometry":{"type":"LineString","coordinates":[[-74.0691336889933,39.9511808849445],[-74.0690202244385,39.951696951062]]}},{"type":"Feature","id":314221,"properties":{"OBJECTID":314221,"PRIMENAME":"Fielder Avenue","ELEVTYP_F":0,"ELEVTYP_T":0},"geometry":{"type":"LineString","coordinates":[[-74.0688143520371,39.952709834537],[-74.0696889406194,39.95280494419],[-74.0713302178617,39.9530005111546],[-74.0717918491012,39.9530530065588]]}},{"type":"Feature","id":314346,"properties":{"OBJECTID":314346,"PRIMENAME":"Central Avenue","ELEVTYP_F":0,"ELEVTYP_T":0},"geometry":{"type":"LineString","coordinates":[[-74.0738571300431,39.9508018006567],[-74.073871662583,39.9507420872357]]}},{"type":"Feature","id":315500,"properties":{"OBJECTID":315500,"PRIMENAME":"Fielder Avenue","ELEVTYP_F":0,"ELEVTYP_T":0},"geometry":{"type":"LineString","coordinates":[[-74.0734471180881,39.9532435152209],[-74.0736307351222,39.9532646989967]]}},{"type":"Feature","id":315584,"properties":{"OBJECTID":315584,"PRIMENAME":"Blaine Avenue","ELEVTYP_F":0,"ELEVTYP_T":0},"geometry":{"type":"LineString","coordinates":[[-74.0752617710775,39.9421424197847],[-74.0764979852561,39.9422578830089],[-74.0772317673325,39.9423319408635]]}},{"type":"Feature","id":316812,"properties":{"OBJECTID":316812,"PRIMENAME":"West Central Avenue","ELEVTYP_F":0,"ELEVTYP_T":0},"geometry":{"type":"LineString","coordinates":[[-74.0745746906288,39.9463051681036],[-74.0744599825994,39.9469839819055]]}},{"type":"Feature","id":318207,"properties":{"OBJECTID":318207,"PRIMENAME":"Sumner Avenue","ELEVTYP_F":0,"ELEVTYP_T":0},"geometry":{"type":"LineString","coordinates":[[-74.0753750649754,39.9414589589364],[-74.0741371870603,39.9413385363155],[-74.0737223870027,39.9412981650381]]}},{"type":"Feature","id":318644,"properties":{"OBJECTID":318644,"PRIMENAME":"Unnamed Segment","ELEVTYP_F":0,"ELEVTYP_T":0},"geometry":{"type":"LineString","coordinates":[[-74.0739100124481,39.9506898733206],[-74.0742897977024,39.9506833584481],[-74.0743668535872,39.9505234224651],[-74.0745158500326,39.9503822376171],[-74.0746806333255,39.9502780856801],[-74.0748893751206,39.9501864155623],[-74.0759644308371,39.9498360236015],[-74.0758680964981,39.9496370431493]]}},{"type":"Feature","id":319281,"properties":{"OBJECTID":319281,"PRIMENAME":"Bay Boulevard","ELEVTYP_F":0,"ELEVTYP_T":0},"geometry":{"type":"LineString","coordinates":[[-74.0784816990013,39.9532315937372],[-74.0784921960283,39.9530906838092],[-74.0784888062281,39.9527363255209]]}},{"type":"Feature","id":319715,"properties":{"OBJECTID":319715,"PRIMENAME":"State Highway 35","ELEVTYP_F":0,"ELEVTYP_T":0},"geometry":{"type":"LineString","coordinates":[[-74.0762511358373,39.9495190659292],[-74.0766299544822,39.9493924332812],[-74.0769028191679,39.9492964351487],[-74.0771705470944,39.9491887768129],[-74.0773627022329,39.9490964364398],[-74.0775412048671,39.9490085693826]]}},{"type":"Feature","id":320928,"properties":{"OBJECTID":320928,"PRIMENAME":"Sunset Drive North","ELEVTYP_F":0,"ELEVTYP_T":0},"geometry":{"type":"LineString","coordinates":[[-74.0871078764315,39.9431731655436],[-74.087611841019,39.9435820642889]]}},{"type":"Feature","id":322177,"properties":{"OBJECTID":322177,"PRIMENAME":"Barnegat Avenue","ELEVTYP_F":0,"ELEVTYP_T":0},"geometry":{"type":"LineString","coordinates":[[-74.0778373114384,39.9438597571569],[-74.0777816475766,39.9445422212905]]}},{"type":"Feature","id":322535,"properties":{"OBJECTID":322535,"PRIMENAME":"Farragut Avenue","ELEVTYP_F":0,"ELEVTYP_T":0},"geometry":{"type":"LineString","coordinates":[[-74.0788050335898,39.9368450919758],[-74.0787957314525,39.9368513920157],[-74.0787511174237,39.9368569404695],[-74.0786842839103,39.9368509870929],[-74.0774219541547,39.936729137124]]}},{"type":"Feature","id":322979,"properties":{"OBJECTID":322979,"PRIMENAME":"Barnegat Avenue","ELEVTYP_F":0,"ELEVTYP_T":0},"geometry":{"type":"LineString","coordinates":[[-74.0779625913568,39.9378776073458],[-74.0779717424748,39.9378220196729],[-74.078026243226,39.9374916698555]]}},{"type":"Feature","id":323269,"properties":{"OBJECTID":323269,"PRIMENAME":"Ocean Boulevard","ELEVTYP_F":0,"ELEVTYP_T":0},"geometry":{"type":"LineString","coordinates":[[-74.0745118827045,39.9364519996262],[-74.0743988005625,39.9371371840653]]}},{"type":"Feature","id":325369,"properties":{"OBJECTID":325369,"PRIMENAME":"Franklin Avenue","ELEVTYP_F":0,"ELEVTYP_T":0},"geometry":{"type":"LineString","coordinates":[[-74.0776810714146,39.9396096891905],[-74.0782539136818,39.9396647607265],[-74.0796606912047,39.9397952787117]]}},{"type":"Feature","id":325862,"properties":{"OBJECTID":325862,"PRIMENAME":"Sampson Avenue","ELEVTYP_F":0,"ELEVTYP_T":0},"geometry":{"type":"LineString","coordinates":[[-74.078164563128,39.948047051945],[-74.0765858474236,39.9478911525114]]}},{"type":"Feature","id":329033,"properties":{"OBJECTID":329033,"PRIMENAME":"Fremont Avenue","ELEVTYP_F":0,"ELEVTYP_T":0},"geometry":{"type":"LineString","coordinates":[[-74.0730343528318,39.9454631520766],[-74.074188390241,39.9455753451159],[-74.0746893327515,39.9456252829144]]}},{"type":"Feature","id":330325,"properties":{"OBJECTID":330325,"PRIMENAME":"Trinidad Avenue","ELEVTYP_F":0,"ELEVTYP_T":0},"geometry":{"type":"LineString","coordinates":[[-74.0883107142584,39.9434249746844],[-74.0884952282734,39.9434711680685],[-74.0893707664275,39.9436907185936]]}},{"type":"Feature","id":331345,"properties":{"OBJECTID":331345,"PRIMENAME":"Barnegat Avenue","ELEVTYP_F":0,"ELEVTYP_T":0},"geometry":{"type":"LineString","coordinates":[[-74.0772317673325,39.9423319408635],[-74.0773039901859,39.9418919266887],[-74.0773440350676,39.9416499019743]]}},{"type":"Feature","id":332311,"properties":{"OBJECTID":332311,"PRIMENAME":"Ceylon Avenue","ELEVTYP_F":0,"ELEVTYP_T":0},"geometry":{"type":"LineString","coordinates":[[-74.0895797229337,39.9422912845123],[-74.0884465940793,39.9420100114808],[-74.0876866665802,39.9418158203594]]}},{"type":"Feature","id":335887,"properties":{"OBJECTID":335887,"PRIMENAME":"North Central Avenue","ELEVTYP_F":0,"ELEVTYP_T":0},"geometry":{"type":"LineString","coordinates":[[-74.0762568802998,39.9370938099646],[-74.0763311699532,39.9366251418815]]}},{"type":"Feature","id":336301,"properties":{"OBJECTID":336301,"PRIMENAME":"Central Avenue","ELEVTYP_F":0,"ELEVTYP_T":0},"geometry":{"type":"LineString","coordinates":[[-74.0818282876962,39.9411456923094],[-74.081898385118,39.9409502539544],[-74.0819293958125,39.9408184506487],[-74.0819502787568,39.9407099186199],[-74.0819561232211,39.9405819219513],[-74.0819570201751,39.9404345258516],[-74.0819477766268,39.9402948348321],[-74.0819382973836,39.9401938800177],[-74.0819089509262,39.9400463190091],[-74.0818598430492,39.9398405680704],[-74.0818367835766,39.9397642042299]]}},{"type":"Feature","id":336660,"properties":{"OBJECTID":336660,"PRIMENAME":"Eisenhower Avenue","ELEVTYP_F":0,"ELEVTYP_T":0},"geometry":{"type":"LineString","coordinates":[[-74.0727977532205,39.9509696795778],[-74.0721422696209,39.9508931372446]]}},{"type":"Feature","id":338863,"properties":{"OBJECTID":338863,"PRIMENAME":"Central Avenue","ELEVTYP_F":0,"ELEVTYP_T":0},"geometry":{"type":"LineString","coordinates":[[-74.0807017271853,39.9377530524858],[-74.0806330983925,39.9376946540793],[-74.0804824759624,39.9375970868017],[-74.0803518734523,39.9375151588571],[-74.0801811142807,39.937421471542],[-74.0800354277538,39.9373510195824],[-74.0798294454984,39.9372611024569],[-74.0796131347063,39.9371866046973],[-74.0794168653606,39.9371354609331],[-74.0792306196141,39.9370959102957],[-74.0790746157525,39.9370682469117],[-74.078998015746,39.9370612701738]]}},{"type":"Feature","id":339049,"properties":{"OBJECTID":339049,"PRIMENAME":"Baltimore Avenue","ELEVTYP_F":0,"ELEVTYP_T":0},"geometry":{"type":"LineString","coordinates":[[-74.0746960986413,39.9550268344295],[-74.0747448513733,39.9547295519755],[-74.0748150012062,39.9543408715639]]}},{"type":"Feature","id":341578,"properties":{"OBJECTID":341578,"PRIMENAME":"Fielder Avenue","ELEVTYP_F":0,"ELEVTYP_T":0},"geometry":{"type":"LineString","coordinates":[[-74.0732509161045,39.9532208581003],[-74.0734471180881,39.9532435152209]]}},{"type":"Feature","id":341733,"properties":{"OBJECTID":341733,"PRIMENAME":"Fielder Avenue","ELEVTYP_F":0,"ELEVTYP_T":0},"geometry":{"type":"LineString","coordinates":[[-74.076629172959,39.9535808916113],[-74.076998783198,39.9536149105578],[-74.0774650252484,39.9536614428859]]}},{"type":"Feature","id":342437,"properties":{"OBJECTID":342437,"PRIMENAME":"Barnegat Avenue","ELEVTYP_F":0,"ELEVTYP_T":0},"geometry":{"type":"LineString","coordinates":[[-74.0769323783248,39.9472253443046],[-74.0766924448091,39.947604813902],[-74.0766424021447,39.9476856747138],[-74.0766267301772,39.9477165858309],[-74.0766141626709,39.9477475353043],[-74.0766046466252,39.9477808566912],[-74.0765858474236,39.9478911525114]]}},{"type":"Feature","id":342897,"properties":{"OBJECTID":342897,"PRIMENAME":"Hiering Avenue","ELEVTYP_F":0,"ELEVTYP_T":0},"geometry":{"type":"LineString","coordinates":[[-74.0790089886859,39.9488538598346],[-74.0792038718032,39.9488686779227],[-74.0805630387424,39.948993714235]]}},{"type":"Feature","id":343892,"properties":{"OBJECTID":343892,"PRIMENAME":"Lincoln Avenue","ELEVTYP_F":0,"ELEVTYP_T":0},"geometry":{"type":"LineString","coordinates":[[-74.0719749342035,39.9383638833882],[-74.0715823651527,39.9383305049259]]}},{"type":"Feature","id":344113,"properties":{"OBJECTID":344113,"PRIMENAME":"Bay Boulevard","ELEVTYP_F":0,"ELEVTYP_T":0},"geometry":{"type":"LineString","coordinates":[[-74.0787492266699,39.9453372626249],[-74.0786406938813,39.94601050254]]}},{"type":"Feature","id":345832,"properties":{"OBJECTID":345832,"PRIMENAME":"East Central Avenue","ELEVTYP_F":0,"ELEVTYP_T":0},"geometry":{"type":"LineString","coordinates":[[-74.075143636829,39.9428585046003],[-74.0750238968363,39.9435857566814]]}},{"type":"Feature","id":346693,"properties":{"OBJECTID":346693,"PRIMENAME":"Barnegat Avenue","ELEVTYP_F":0,"ELEVTYP_T":0},"geometry":{"type":"LineString","coordinates":[[-74.0777653700617,39.9459253683079],[-74.0776741676956,39.9460641442268],[-74.0773408654066,39.9465820265114]]}},{"type":"Feature","id":349764,"properties":{"OBJECTID":349764,"PRIMENAME":"State Highway 35 Avenue North","ELEVTYP_F":0,"ELEVTYP_T":0},"geometry":{"type":"LineString","coordinates":[[-74.0719548169222,39.9520317502846],[-74.0718730300787,39.9525339074995]]}},{"type":"Feature","id":350719,"properties":{"OBJECTID":350719,"PRIMENAME":"Bay Boulevard","ELEVTYP_F":0,"ELEVTYP_T":0},"geometry":{"type":"LineString","coordinates":[[-74.0783192356343,39.953215793482],[-74.078312327413,39.9533416988552],[-74.0782882751551,39.9536218592316],[-74.0782719129454,39.9537419926615]]}},{"type":"Feature","id":351023,"properties":{"OBJECTID":351023,"PRIMENAME":"Northeast Central Avenue","ELEVTYP_F":0,"ELEVTYP_T":0},"geometry":{"type":"LineString","coordinates":[[-74.0760305081472,39.9365984841437],[-74.0760046846103,39.936836057041],[-74.0760093261087,39.9368897485579]]}},{"type":"Feature","id":352088,"properties":{"OBJECTID":352088,"PRIMENAME":"Ortley Avenue","ELEVTYP_F":0,"ELEVTYP_T":0},"geometry":{"type":"LineString","coordinates":[[-74.077832983068,39.9488408258597],[-74.078007234045,39.9488986456624],[-74.0780590819546,39.9489303242259],[-74.0780960385226,39.9489590653909]]}},{"type":"Feature","id":352402,"properties":{"OBJECTID":352402,"PRIMENAME":"Boulevard","ELEVTYP_F":0,"ELEVTYP_T":0},"geometry":{"type":"LineString","coordinates":[[-74.0723338088736,39.9495306393703],[-74.0723150822712,39.9495952099977],[-74.0722945985714,39.9496711267325],[-74.0722831632437,39.9497660746948],[-74.0722670149085,39.9498847255563],[-74.0722627422256,39.9499386373112]]}},{"type":"Feature","id":352635,"properties":{"OBJECTID":352635,"PRIMENAME":"Eisenhower Avenue","ELEVTYP_F":0,"ELEVTYP_T":0},"geometry":{"type":"LineString","coordinates":[[-74.0743766272555,39.9511158863764],[-74.0742181839104,39.9510935028148],[-74.0742112207409,39.9510925197832],[-74.0741049479866,39.951064867537],[-74.0740400457148,39.9510387948331],[-74.0739875552599,39.9510071670664],[-74.0739557289608,39.9509791595232],[-74.0739321389088,39.9509583978553],[-74.0738953380258,39.9508990172798],[-74.0738740852887,39.9508518282524],[-74.0738571300431,39.9508018006567]]}},{"type":"Feature","id":352782,"properties":{"OBJECTID":352782,"PRIMENAME":"State Highway 35","ELEVTYP_F":0,"ELEVTYP_T":0},"geometry":{"type":"LineString","coordinates":[[-74.0813985849249,39.9415838158047],[-74.081278205596,39.9417314955854]]}},{"type":"Feature","id":352906,"properties":{"OBJECTID":352906,"PRIMENAME":"State Highway 35 Avenue North","ELEVTYP_F":0,"ELEVTYP_T":0},"geometry":{"type":"LineString","coordinates":[[-74.0720377916284,39.9515220754953],[-74.0719548169222,39.9520317502846]]}},{"type":"Feature","id":353155,"properties":{"OBJECTID":353155,"PRIMENAME":"East Central Avenue","ELEVTYP_F":0,"ELEVTYP_T":0},"geometry":{"type":"LineString","coordinates":[[-74.0738571300431,39.9508018006567],[-74.0737882682348,39.9510918708574]]}},{"type":"Feature","id":353212,"properties":{"OBJECTID":353212,"PRIMENAME":"State Highway 35 Avenue North","ELEVTYP_F":0,"ELEVTYP_T":0},"geometry":{"type":"LineString","coordinates":[[-74.0721422696209,39.9508931372446],[-74.072054891111,39.9514171280602],[-74.0720377916284,39.9515220754953]]}},{"type":"Feature","id":353546,"properties":{"OBJECTID":353546,"PRIMENAME":"State Highway 35 Avenue North","ELEVTYP_F":0,"ELEVTYP_T":0},"geometry":{"type":"LineString","coordinates":[[-74.0717918491012,39.9530530065588],[-74.0717453337514,39.9533558147715]]}},{"type":"Feature","id":353778,"properties":{"OBJECTID":353778,"PRIMENAME":"Central Avenue","ELEVTYP_F":0,"ELEVTYP_T":0},"geometry":{"type":"LineString","coordinates":[[-74.0788338223129,39.9372758845412],[-74.079006442068,39.9372866967466],[-74.0791595790859,39.9373050976658],[-74.0792987708923,39.9373235306493],[-74.0794518423724,39.9373526647725],[-74.0796095279237,39.9373853858602],[-74.0798227450371,39.937446968762],[-74.0799386266009,39.9374866751682],[-74.0800637347566,39.9375336079913],[-74.0801655346325,39.9375840249169],[-74.0802027242517,39.9376040338646],[-74.0802858983112,39.9376487843962],[-74.0803968972547,39.9377171073172],[-74.0804059867451,39.9377241630912]]}},{"type":"Feature","id":353810,"properties":{"OBJECTID":353810,"PRIMENAME":"East Central Avenue","ELEVTYP_F":0,"ELEVTYP_T":0},"geometry":{"type":"LineString","coordinates":[[-74.0736877433362,39.9517128637254],[-74.0736063350175,39.952215725259],[-74.0735715621868,39.9524305174285],[-74.0735370556533,39.9526941679397],[-74.073523852603,39.9527950379676],[-74.0734471180881,39.9532435152209]]}},{"type":"Feature","id":353818,"properties":{"OBJECTID":353818,"PRIMENAME":"Central Avenue","ELEVTYP_F":0,"ELEVTYP_T":0},"geometry":{"type":"LineString","coordinates":[[-74.0804059867451,39.9377241630912],[-74.0805032799194,39.9377996888701],[-74.08060022532,39.9378858336457],[-74.0806833188718,39.9379684127512],[-74.0807663185538,39.9380723519253],[-74.0808952454781,39.9382479459509],[-74.0810195137633,39.9384271744946],[-74.0810657954581,39.9384992431453]]}},{"type":"Feature","id":353972,"properties":{"OBJECTID":353972,"PRIMENAME":"West Pennsylvania Avenue","ELEVTYP_F":0,"ELEVTYP_T":0},"geometry":{"type":"LineString","coordinates":[[-74.0733577991017,39.9548902769638],[-74.0734751826297,39.9542097997317]]}},{"type":"Feature","id":354963,"properties":{"OBJECTID":354963,"PRIMENAME":"East Central Avenue","ELEVTYP_F":0,"ELEVTYP_T":0},"geometry":{"type":"LineString","coordinates":[[-74.0734471180881,39.9532435152209],[-74.0733931123524,39.9535587885244],[-74.0732923804117,39.9541746198288],[-74.0732516827516,39.9544234189499],[-74.073177924634,39.9548605533656],[-74.073094678734,39.9553539085743],[-74.0730609870897,39.9555572987268]]}},{"type":"Feature","id":355767,"properties":{"OBJECTID":355767,"PRIMENAME":"Eisenhower Avenue","ELEVTYP_F":0,"ELEVTYP_T":0},"geometry":{"type":"LineString","coordinates":[[-74.0737882682348,39.9510918708574],[-74.0733916796946,39.9510390192852],[-74.0732408610635,39.9510214119067],[-74.0727977532205,39.9509696795778]]}},{"type":"Feature","id":356199,"properties":{"OBJECTID":356199,"PRIMENAME":"Bay Boulevard","ELEVTYP_F":0,"ELEVTYP_T":0},"geometry":{"type":"LineString","coordinates":[[-74.0780960385226,39.9489590653909],[-74.0781106669619,39.948999091401],[-74.0781055252633,39.9490633926598]]}},{"type":"Feature","id":359606,"properties":{"OBJECTID":359606,"PRIMENAME":"Albacore Drive","ELEVTYP_F":0,"ELEVTYP_T":0},"geometry":{"type":"LineString","coordinates":[[-74.0749886947345,39.9499316327817],[-74.0748873428694,39.9499679670649],[-74.0747850977346,39.9500060381614],[-74.0746499765752,39.9500563490457],[-74.0745082552758,39.9501256442068],[-74.0743261753013,39.9502374812334],[-74.0742004021692,39.9503366130586],[-74.0741792766705,39.9503532635184],[-74.0740219703322,39.950519550008],[-74.0739100124481,39.9506898733206]]}},{"type":"Feature","id":361576,"properties":{"OBJECTID":361576,"PRIMENAME":"Eisenhower Avenue","ELEVTYP_F":0,"ELEVTYP_T":0},"geometry":{"type":"LineString","coordinates":[[-74.0739100124481,39.9506898733206],[-74.0738571300431,39.9508018006567]]}},{"type":"Feature","id":362987,"properties":{"OBJECTID":362987,"PRIMENAME":"West Central Avenue","ELEVTYP_F":0,"ELEVTYP_T":0},"geometry":{"type":"LineString","coordinates":[[-74.0741694326875,39.9490588073816],[-74.0740519516529,39.949044566973]]}},{"type":"Feature","id":363416,"properties":{"OBJECTID":363416,"PRIMENAME":"Central Avenue","ELEVTYP_F":0,"ELEVTYP_T":0},"geometry":{"type":"LineString","coordinates":[[-74.076115221333,39.9371086871837],[-74.0761699549443,39.9371476594763],[-74.0762393493984,39.9371836580223],[-74.0762517244369,39.9371874160005],[-74.0763227898174,39.9372090001474],[-74.0764155836297,39.9372271841703],[-74.0767290222041,39.9372469979821]]}},{"type":"Feature","id":363887,"properties":{"OBJECTID":363887,"PRIMENAME":"State Highway 35 North","ELEVTYP_F":0,"ELEVTYP_T":0},"geometry":{"type":"LineString","coordinates":[[-74.0772426503449,39.9489795634686],[-74.0770718378221,39.9490512029387],[-74.0768391444148,39.9491289816526],[-74.0766112190843,39.9491853628422],[-74.0764670443472,39.9492134158807],[-74.076313640195,39.9492343238764],[-74.0761463460458,39.9492515852396],[-74.0759604539553,39.9492651808892],[-74.0757514647053,39.9492644163111],[-74.0755657190645,39.9492601678249],[-74.0754830113559,39.9492523701674]]}},{"type":"Feature","id":371180,"properties":{"OBJECTID":371180,"PRIMENAME":"Central Avenue","ELEVTYP_F":0,"ELEVTYP_T":0},"geometry":{"type":"LineString","coordinates":[[-74.0767290222041,39.9372469979821],[-74.0770345726584,39.9372576209931],[-74.0776201890029,39.9372779764309]]}},{"type":"Feature","id":372676,"properties":{"OBJECTID":372676,"PRIMENAME":"State Highway 35 North","ELEVTYP_F":0,"ELEVTYP_T":0},"geometry":{"type":"LineString","coordinates":[[-74.0754830113559,39.9492523701674],[-74.0754078979445,39.9492452866076],[-74.0752315372634,39.9492231990952],[-74.0751936931795,39.9492174030517],[-74.0749206414511,39.9491755800779],[-74.0745958233467,39.9491243405149],[-74.0741967711108,39.9490621206381],[-74.0741694326875,39.9490588073816]]}},{"type":"Feature","id":372832,"properties":{"OBJECTID":372832,"PRIMENAME":"State Highway 37","ELEVTYP_F":0,"ELEVTYP_T":0},"geometry":{"type":"LineString","coordinates":[[-74.0893475156624,39.9428308633554],[-74.0892385217712,39.9428038097867],[-74.0888207093555,39.9427001012303],[-74.0877656706183,39.9424334837951],[-74.0874603269875,39.9423560486152]]}},{"type":"Feature","id":373065,"properties":{"OBJECTID":373065,"PRIMENAME":"State Highway 37","ELEVTYP_F":0,"ELEVTYP_T":0},"geometry":{"type":"LineString","coordinates":[[-74.0842012780384,39.9416326821743],[-74.0841950133806,39.9416320391146],[-74.0839709897987,39.9416148181366],[-74.083757653551,39.9415935170261],[-74.0837126145913,39.9415874493333]]}},{"type":"Feature","id":373107,"properties":{"OBJECTID":373107,"PRIMENAME":"Central Avenue","ELEVTYP_F":0,"ELEVTYP_T":0},"geometry":{"type":"LineString","coordinates":[[-74.0818280564765,39.940509915412],[-74.081823599653,39.9406034899463],[-74.0818090012533,39.9407106989537],[-74.0817897149811,39.9408321673821],[-74.0817611288271,39.9409464370688],[-74.0817232389139,39.9410714349252],[-74.0817116369491,39.9411023614539]]}},{"type":"Feature","id":374088,"properties":{"OBJECTID":374088,"PRIMENAME":"State Highway 35 Avenue North","ELEVTYP_F":0,"ELEVTYP_T":0},"geometry":{"type":"LineString","coordinates":[[-74.0722289406879,39.950409788397],[-74.0721900685542,39.9505954405205],[-74.0721422696209,39.9508931372446]]}},{"type":"Feature","id":374737,"properties":{"OBJECTID":374737,"PRIMENAME":"State Highway 35 Avenue North","ELEVTYP_F":0,"ELEVTYP_T":0},"geometry":{"type":"LineString","coordinates":[[-74.0717453337514,39.9533558147715],[-74.0716314208617,39.9540322121134]]}},{"type":"Feature","id":374931,"properties":{"OBJECTID":374931,"PRIMENAME":"Bay Boulevard","ELEVTYP_F":0,"ELEVTYP_T":0},"geometry":{"type":"LineString","coordinates":[[-74.0781518015389,39.9509316599954],[-74.0782146226263,39.9514827766044]]}},{"type":"Feature","id":375937,"properties":{"OBJECTID":375937,"PRIMENAME":"West Central Avenue","ELEVTYP_F":0,"ELEVTYP_T":0},"geometry":{"type":"LineString","coordinates":[[-74.0737929555768,39.952256204093],[-74.0738732785764,39.9517349044432]]}},{"type":"Feature","id":377063,"properties":{"OBJECTID":377063,"PRIMENAME":"Bay Boulevard","ELEVTYP_F":0,"ELEVTYP_T":0},"geometry":{"type":"LineString","coordinates":[[-74.0782919650339,39.9521846397873],[-74.0783038088694,39.9523007019431],[-74.0783212518271,39.9524866825101],[-74.0783309664332,39.9527114547975]]}},{"type":"Feature","id":377381,"properties":{"OBJECTID":377381,"PRIMENAME":"Central Avenue","ELEVTYP_F":0,"ELEVTYP_T":0},"geometry":{"type":"LineString","coordinates":[[-74.0816815822267,39.9411823905388],[-74.0816786826439,39.94119006768],[-74.0816755281447,39.941198484289],[-74.081605623357,39.9413212255847],[-74.0815353447845,39.9414174997771],[-74.0814791569832,39.9414959248814],[-74.0813985849249,39.9415838158047]]}},{"type":"Feature","id":377464,"properties":{"OBJECTID":377464,"PRIMENAME":"West Central Avenue","ELEVTYP_F":0,"ELEVTYP_T":0},"geometry":{"type":"LineString","coordinates":[[-74.0737117997212,39.9527506503187],[-74.0737929555768,39.952256204093]]}},{"type":"Feature","id":378514,"properties":{"OBJECTID":378514,"PRIMENAME":"State Highway 35 Avenue North","ELEVTYP_F":0,"ELEVTYP_T":0},"geometry":{"type":"LineString","coordinates":[[-74.0716314208617,39.9540322121134],[-74.0715622560364,39.9544430769859],[-74.0715180247615,39.9547111367697]]}},{"type":"Feature","id":379072,"properties":{"OBJECTID":379072,"PRIMENAME":"State Highway 35 Avenue North","ELEVTYP_F":0,"ELEVTYP_T":0},"geometry":{"type":"LineString","coordinates":[[-74.0722727531034,39.9502005476821],[-74.072249483362,39.9503116756203],[-74.0722289406879,39.950409788397]]}},{"type":"Feature","id":379080,"properties":{"OBJECTID":379080,"PRIMENAME":"State Highway 35","ELEVTYP_F":0,"ELEVTYP_T":0},"geometry":{"type":"LineString","coordinates":[[-74.0817987915293,39.9401029441968],[-74.0818288738569,39.9404927047927],[-74.0818280564765,39.940509915412]]}},{"type":"Feature","id":379331,"properties":{"OBJECTID":379331,"PRIMENAME":"West Central Avenue","ELEVTYP_F":0,"ELEVTYP_T":0},"geometry":{"type":"LineString","coordinates":[[-74.0736307351222,39.9532646989967],[-74.07365886146,39.9530840743661],[-74.0737117997212,39.9527506503187]]}},{"type":"Feature","id":380312,"properties":{"OBJECTID":380312,"PRIMENAME":"Bay Boulevard","ELEVTYP_F":0,"ELEVTYP_T":0},"geometry":{"type":"LineString","coordinates":[[-74.0782146226263,39.9514827766044],[-74.0782687473684,39.951957374722],[-74.0782919650339,39.9521846397873]]}},{"type":"Feature","id":380654,"properties":{"OBJECTID":380654,"PRIMENAME":"State Highway 37","ELEVTYP_F":0,"ELEVTYP_T":0},"geometry":{"type":"LineString","coordinates":[[-74.0848029433951,39.94170406012],[-74.0845683530764,39.9416703571996],[-74.0842012780384,39.9416326821743]]}},{"type":"Feature","id":380671,"properties":{"OBJECTID":380671,"PRIMENAME":"State Highway 35 North","ELEVTYP_F":0,"ELEVTYP_T":0},"geometry":{"type":"LineString","coordinates":[[-74.0740519516529,39.949044566973],[-74.0739229568075,39.9490289114435],[-74.0737456897235,39.94901463023],[-74.0737372784023,39.9490139525918],[-74.0735004856722,39.9489987783948],[-74.073379766367,39.9489947647053],[-74.0732729357654,39.9489943715398],[-74.0731614018828,39.9490046956653],[-74.0731525391378,39.9490066058744],[-74.0730637124486,39.9490257504288],[-74.073010525181,39.9490398831053]]}},{"type":"Feature","id":380676,"properties":{"OBJECTID":380676,"PRIMENAME":"Central Avenue","ELEVTYP_F":0,"ELEVTYP_T":0},"geometry":{"type":"LineString","coordinates":[[-74.0776201890029,39.9372779764309],[-74.0780144522183,39.9372664948881],[-74.0782729271504,39.9372589659092],[-74.0784298031428,39.9372621701069],[-74.0787046956369,39.9372677836529],[-74.0788338223129,39.9372758845412]]}},{"type":"Feature","id":382236,"properties":{"OBJECTID":382236,"PRIMENAME":"State Highway 35 Avenue North","ELEVTYP_F":0,"ELEVTYP_T":0},"geometry":{"type":"LineString","coordinates":[[-74.0715180247615,39.9547111367697],[-74.0714050166736,39.9553961568883]]}},{"type":"Feature","id":382514,"properties":{"OBJECTID":382514,"PRIMENAME":"State Highway 35 Avenue North","ELEVTYP_F":0,"ELEVTYP_T":0},"geometry":{"type":"LineString","coordinates":[[-74.0723180027515,39.9499833544408],[-74.0722727531034,39.9502005476821]]}},{"type":"Feature","id":383054,"properties":{"OBJECTID":383054,"PRIMENAME":"Bay Boulevard","ELEVTYP_F":0,"ELEVTYP_T":0},"geometry":{"type":"LineString","coordinates":[[-74.0783309664332,39.9527114547975],[-74.0783342476943,39.9527869924335],[-74.0783290287932,39.9530386146947],[-74.0783192356343,39.953215793482]]}},{"type":"Feature","id":383302,"properties":{"OBJECTID":383302,"PRIMENAME":"Central Avenue","ELEVTYP_F":0,"ELEVTYP_T":0},"geometry":{"type":"LineString","coordinates":[[-74.0810657954581,39.9384992431453],[-74.0811483607243,39.9386278060287],[-74.0812769916908,39.9388463365511],[-74.081373453038,39.9390182720607],[-74.0814744116122,39.9392188295385],[-74.0815798685661,39.939448038698],[-74.0816312940765,39.9395768139945]]}},{"type":"Feature","id":383391,"properties":{"OBJECTID":383391,"PRIMENAME":"Bay Boulevard","ELEVTYP_F":0,"ELEVTYP_T":0},"geometry":{"type":"LineString","coordinates":[[-74.0780530535317,39.9497490303321],[-74.0780547797671,39.9498918780881],[-74.0780754746841,39.950152188481],[-74.0781013735809,39.9504421125417]]}},{"type":"Feature","id":383446,"properties":{"OBJECTID":383446,"PRIMENAME":"State Highway 35","ELEVTYP_F":0,"ELEVTYP_T":0},"geometry":{"type":"LineString","coordinates":[[-74.0774749380073,39.9488675238143],[-74.0773000043095,39.9489555073664],[-74.0772426503449,39.9489795634686]]}},{"type":"Feature","id":384018,"properties":{"OBJECTID":384018,"PRIMENAME":"Central Avenue","ELEVTYP_F":0,"ELEVTYP_T":0},"geometry":{"type":"LineString","coordinates":[[-74.0816312940765,39.9395768139945],[-74.0816484774322,39.9396198455219],[-74.0817129065208,39.9398030591915]]}},{"type":"Feature","id":384464,"properties":{"OBJECTID":384464,"PRIMENAME":"Central Avenue","ELEVTYP_F":0,"ELEVTYP_T":0},"geometry":{"type":"LineString","coordinates":[[-74.0817129065208,39.9398030591915],[-74.0817214686886,39.9398274120954],[-74.0817487064305,39.9399347459116],[-74.0817987915293,39.9401029441968]]}},{"type":"Feature","id":384531,"properties":{"OBJECTID":384531,"PRIMENAME":"State Highway 35","ELEVTYP_F":0,"ELEVTYP_T":0},"geometry":{"type":"LineString","coordinates":[[-74.081278205596,39.9417314955854],[-74.0812639717789,39.9417489585811],[-74.0811751673565,39.9418415961031],[-74.0810724751691,39.9419305877214],[-74.0808856669837,39.9420979301341],[-74.080605516718,39.9423471311631],[-74.0802973633329,39.9426141300387],[-74.0802579450592,39.9426500807811],[-74.0800592056528,39.9428313334134],[-74.0798910184713,39.9429915764489],[-74.0797741364393,39.9431198289715],[-74.0796664616514,39.9432588764926],[-74.0795399430609,39.9434407115766],[-74.0794225998701,39.9436440483337],[-74.0793661657406,39.9437618128962],[-74.0793237070015,39.9438688934216],[-74.0792858197815,39.9439867252344],[-74.0792336854843,39.9441652603249],[-74.0792048963686,39.9443117318164],[-74.0791662422068,39.9445546673367],[-74.0790892527929,39.9449940887223],[-74.0789927888234,39.9455728500671],[-74.0788334009969,39.946576751285],[-74.0787611400789,39.9469947200491],[-74.0787224739074,39.9472448213418],[-74.0786937395231,39.9473876962728],[-74.0786699276179,39.9474841374594],[-74.0786367614566,39.9475876828006],[-74.0785990011738,39.9476841002951],[-74.0785519024405,39.9477911365732],[-74.0785395893412,39.9478152849892],[-74.0784955085015,39.9479017346861],[-74.0784438373343,39.9479980745267],[-74.0783781763977,39.9481015016249],[-74.078303271865,39.9481941603539],[-74.0781629808294,39.9483509605649],[-74.0780415156248,39.9484684877413],[-74.0778687381132,39.9486179753437],[-74.0777007732962,39.9487389023667],[-74.0774749380073,39.9488675238143]]}},{"type":"Feature","id":384573,"properties":{"OBJECTID":384573,"PRIMENAME":"Bay Boulevard","ELEVTYP_F":0,"ELEVTYP_T":0},"geometry":{"type":"LineString","coordinates":[[-74.0781215437138,39.9546605988181],[-74.0780082116593,39.9553452676227]]}},{"type":"Feature","id":385610,"properties":{"OBJECTID":385610,"PRIMENAME":"State Highway 35","ELEVTYP_F":0,"ELEVTYP_T":0},"geometry":{"type":"LineString","coordinates":[[-74.0817116369491,39.9411023614539],[-74.0816815822267,39.9411823905388]]}},{"type":"Feature","id":385827,"properties":{"OBJECTID":385827,"PRIMENAME":"State Highway 35","ELEVTYP_F":0,"ELEVTYP_T":0},"geometry":{"type":"LineString","coordinates":[[-74.0758680964981,39.9496370431493],[-74.0753369731576,39.9498067037471],[-74.0749886947345,39.9499316327817]]}},{"type":"Feature","id":386485,"properties":{"OBJECTID":386485,"PRIMENAME":"State Highway 35 North","ELEVTYP_F":0,"ELEVTYP_T":0},"geometry":{"type":"LineString","coordinates":[[-74.073010525181,39.9490398831053],[-74.0729706731037,39.9490504728302],[-74.0729436321195,39.9490612547475],[-74.072872907162,39.9490894540543],[-74.0728152619644,39.9491205540734],[-74.0727610618946,39.949149796878],[-74.0726630746134,39.949224494907],[-74.0725695984118,39.9493135119148],[-74.072490060865,39.9494097463223],[-74.0724383357032,39.949513221402],[-74.072422249357,39.9495511064357],[-74.0723959083334,39.949613134201],[-74.0723720187893,39.9497203075586],[-74.0723289010025,39.9499310487783],[-74.0723180027515,39.9499833544408]]}},{"type":"Feature","id":386515,"properties":{"OBJECTID":386515,"PRIMENAME":"Bay Boulevard","ELEVTYP_F":0,"ELEVTYP_T":0},"geometry":{"type":"LineString","coordinates":[[-74.0781013735809,39.9504421125417],[-74.0781206624853,39.9506585458324],[-74.0781518015389,39.9509316599954]]}},{"type":"Feature","id":387099,"properties":{"OBJECTID":387099,"PRIMENAME":"State Highway 37","ELEVTYP_F":1,"ELEVTYP_T":1},"geometry":{"type":"LineString","coordinates":[[-74.0818282876962,39.9411456923094],[-74.0817116369491,39.9411023614539]]}},{"type":"Feature","id":388983,"properties":{"OBJECTID":388983,"PRIMENAME":"West Pennsylvania Avenue","ELEVTYP_F":0,"ELEVTYP_T":0},"geometry":{"type":"LineString","coordinates":[[-74.0734751826297,39.9542097997317],[-74.0736307351222,39.9532646989967]]}},{"type":"Feature","id":391429,"properties":{"OBJECTID":391429,"PRIMENAME":"Bay Boulevard","ELEVTYP_F":0,"ELEVTYP_T":0},"geometry":{"type":"LineString","coordinates":[[-74.0781055252633,39.9490633926598],[-74.0781015485259,39.9491131291122],[-74.0780725000878,39.9494286875297],[-74.0780523351002,39.949691676577],[-74.0780530535317,39.9497490303321]]}},{"type":"Feature","id":393326,"properties":{"OBJECTID":393326,"PRIMENAME":"State Highway 35","ELEVTYP_F":0,"ELEVTYP_T":0},"geometry":{"type":"LineString","coordinates":[[-74.0762511358373,39.9495190659292],[-74.0758773824031,39.9496340759424],[-74.0758680964981,39.9496370431493]]}},{"type":"Feature","id":395941,"properties":{"OBJECTID":395941,"PRIMENAME":"Bay Boulevard","ELEVTYP_F":0,"ELEVTYP_T":0},"geometry":{"type":"LineString","coordinates":[[-74.0782719129454,39.9537419926615],[-74.078253234353,39.9538791114122],[-74.0781993095263,39.9541906258712],[-74.0781215437138,39.9546605988181]]}},{"type":"Feature","id":397235,"properties":{"OBJECTID":397235,"PRIMENAME":"State Highway 37","ELEVTYP_F":0,"ELEVTYP_T":0},"geometry":{"type":"LineString","coordinates":[[-74.0815900238721,39.9398286680876],[-74.0816387248753,39.9398976152399],[-74.0816860905301,39.9400087002176],[-74.0817173822178,39.940123817333],[-74.0817311329093,39.9401717921954],[-74.0818280564765,39.940509915412]]}},{"type":"Feature","id":397851,"properties":{"OBJECTID":397851,"PRIMENAME":"State Highway 37","ELEVTYP_F":0,"ELEVTYP_T":0},"geometry":{"type":"LineString","coordinates":[[-74.0810805450702,39.9408266113972],[-74.0809398815819,39.940741274619],[-74.0807804817779,39.9406256941667],[-74.0806478714963,39.9404978832052],[-74.080579019054,39.9404072563933],[-74.0805157874156,39.9402837872832],[-74.0804842018132,39.9402056215271],[-74.080474089173,39.9401152341958],[-74.0804854308378,39.9400043620653],[-74.0805180447912,39.9399141014029],[-74.0805932795198,39.9398240228357],[-74.0806844256916,39.9397503920796],[-74.0807701088003,39.9397014219961],[-74.0808343378876,39.939672910596],[-74.0809572108298,39.939648701276],[-74.0810373173985,39.9396366635836],[-74.081192041627,39.9396413406544],[-74.081298661261,39.9396622611461],[-74.0814051446561,39.9396995983853],[-74.0815008648444,39.939753341936],[-74.0815805572545,39.9398152637068],[-74.0815900238721,39.9398286680876]]}},{"type":"Feature","id":398246,"properties":{"OBJECTID":398246,"PRIMENAME":"Central Avenue","ELEVTYP_F":0,"ELEVTYP_T":0},"geometry":{"type":"LineString","coordinates":[[-74.0760093261087,39.9368897485579],[-74.0760133384123,39.936936186112],[-74.0760407995979,39.9370113728828],[-74.0760729810631,39.9370615108915],[-74.0761144559509,39.9371081421548],[-74.076115221333,39.9371086871837]]}},{"type":"Feature","id":399646,"properties":{"OBJECTID":399646,"PRIMENAME":"East Central Avenue","ELEVTYP_F":0,"ELEVTYP_T":0},"geometry":{"type":"LineString","coordinates":[[-74.0737882682348,39.9510918708574],[-74.0736877433362,39.9517128637254]]}},{"type":"Feature","id":399731,"properties":{"OBJECTID":399731,"PRIMENAME":"State Highway 37","ELEVTYP_F":0,"ELEVTYP_T":1},"geometry":{"type":"LineString","coordinates":[[-74.0837126145913,39.9415874493333],[-74.0835070520289,39.9415597544757],[-74.0833250018608,39.9415327940727],[-74.0832511247211,39.9415218541712],[-74.0829846089396,39.9414716168549],[-74.082723492257,39.9414131613188],[-74.0824996945314,39.9413589576545],[-74.0822812594607,39.941296564663],[-74.082089540154,39.9412342396381],[-74.0818765068137,39.9411636562374],[-74.0818282876962,39.9411456923094]]}},{"type":"Feature","id":400034,"properties":{"OBJECTID":400034,"PRIMENAME":"Unnamed Segment","ELEVTYP_F":0,"ELEVTYP_T":0},"geometry":{"type":"LineString","coordinates":[[-74.072835667533,39.9498497442926],[-74.0726280921431,39.949830814601],[-74.0724653511344,39.9498445800525],[-74.0723716036463,39.9499119580485],[-74.0723180027515,39.9499833544408]]}},{"type":"Feature","id":400130,"properties":{"OBJECTID":400130,"PRIMENAME":"Grand Central Avenue","ELEVTYP_F":0,"ELEVTYP_T":0},"geometry":{"type":"LineString","coordinates":[[-74.0722627422256,39.9499386373112],[-74.0722569492934,39.9500117169445],[-74.0722727531034,39.9502005476821]]}},{"type":"Feature","id":400407,"properties":{"OBJECTID":400407,"PRIMENAME":"State Highway 37","ELEVTYP_F":1,"ELEVTYP_T":0},"geometry":{"type":"LineString","coordinates":[[-74.0817116369491,39.9411023614539],[-74.0816422450086,39.9410765514919],[-74.0815400390958,39.9410358666443],[-74.0814026853506,39.9409811910067],[-74.0814012627459,39.9409805661785]]}},{"type":"Feature","id":400592,"properties":{"OBJECTID":400592,"PRIMENAME":"State Highway 37","ELEVTYP_F":0,"ELEVTYP_T":0},"geometry":{"type":"LineString","coordinates":[[-74.0874603269875,39.9423560486152],[-74.087452990674,39.9423541832508],[-74.0871742146219,39.9422834855227],[-74.0863802860851,39.9420793920189],[-74.0857568434117,39.9419292714976],[-74.0853731851146,39.9418334322013],[-74.0851100849224,39.9417674494713],[-74.0850907760611,39.9417626065839],[-74.0849565244521,39.9417352982716],[-74.0848029433951,39.94170406012]]}},{"type":"Feature","id":401597,"properties":{"OBJECTID":401597,"PRIMENAME":"State Highway 37","ELEVTYP_F":0,"ELEVTYP_T":0},"geometry":{"type":"LineString","coordinates":[[-74.0814012627459,39.9409805661785],[-74.081157851556,39.9408735108079],[-74.0810805450702,39.9408266113972]]}},{"type":"Feature","id":401863,"properties":{"OBJECTID":401863,"PRIMENAME":"State Highway 35 Avenue North","ELEVTYP_F":0,"ELEVTYP_T":0},"geometry":{"type":"LineString","coordinates":[[-74.0718730300787,39.9525339074995],[-74.0718472484716,39.9526925233362],[-74.0717918491012,39.9530530065588]]}},{"type":"Feature","id":433822,"properties":{"OBJECTID":433822,"PRIMENAME":"Boardwalk","ELEVTYP_F":0,"ELEVTYP_T":0},"geometry":{"type":"LineString","coordinates":[[-74.0699511928893,39.9444824008468],[-74.0698345027788,39.9451620495363]]}},{"type":"Feature","id":433823,"properties":{"OBJECTID":433823,"PRIMENAME":"Kearney Avenue","ELEVTYP_F":0,"ELEVTYP_T":0},"geometry":{"type":"LineString","coordinates":[[-74.069707733559,39.9458411174871],[-74.0703931669788,39.9459024030595]]}},{"type":"Feature","id":433824,"properties":{"OBJECTID":433824,"PRIMENAME":"Fremont Avenue","ELEVTYP_F":0,"ELEVTYP_T":0},"geometry":{"type":"LineString","coordinates":[[-74.0698345027788,39.9451620495363],[-74.070506085174,39.9452251232042]]}},{"type":"Feature","id":433825,"properties":{"OBJECTID":433825,"PRIMENAME":"Boardwalk","ELEVTYP_F":0,"ELEVTYP_T":0},"geometry":{"type":"LineString","coordinates":[[-74.069707733559,39.9458411174871],[-74.0695874274618,39.9465231581479]]}},{"type":"Feature","id":434198,"properties":{"OBJECTID":434198,"PRIMENAME":"Dupont Avenue","ELEVTYP_F":0,"ELEVTYP_T":0},"geometry":{"type":"LineString","coordinates":[[-74.0720757117266,39.9376842234081],[-74.0715793358508,39.9376253345036],[-74.0715782087169,39.9376252006357]]}},{"type":"Feature","id":434199,"properties":{"OBJECTID":434199,"PRIMENAME":"Bayside Terrace","ELEVTYP_F":0,"ELEVTYP_T":0},"geometry":{"type":"LineString","coordinates":[[-74.0805630387424,39.948993714235],[-74.0806517061384,39.9490769727139],[-74.0807548648324,39.9492232082945],[-74.0807553922989,39.9492240298515],[-74.080821657356,39.9493272255481]]}},{"type":"Feature","id":434201,"properties":{"OBJECTID":434201,"PRIMENAME":"Hancock Avenue","ELEVTYP_F":0,"ELEVTYP_T":0},"geometry":{"type":"LineString","coordinates":[[-74.0706174154965,39.9445446532507],[-74.0699511928893,39.9444824008468]]}},{"type":"Feature","id":434202,"properties":{"OBJECTID":434202,"PRIMENAME":"Carteret Avenue","ELEVTYP_F":0,"ELEVTYP_T":0},"geometry":{"type":"LineString","coordinates":[[-74.0695874274618,39.9465231581479],[-74.0702825182593,39.9465815024699]]}},{"type":"Feature","id":434243,"properties":{"OBJECTID":434243,"PRIMENAME":"West Central Avenue","ELEVTYP_F":0,"ELEVTYP_T":0},"geometry":{"type":"LineString","coordinates":[[-74.0741694326875,39.9490588073816],[-74.074173004638,39.94901743541],[-74.0741766303991,39.9489760663378],[-74.0741803111465,39.9489346992685],[-74.074184046869,39.9488933360036],[-74.0741878375722,39.9488519756424],[-74.0741916832558,39.9488106181848],[-74.0741955827496,39.9487692636265]]}},{"type":"Feature","id":434268,"properties":{"OBJECTID":434268,"PRIMENAME":"West Central Avenue","ELEVTYP_F":0,"ELEVTYP_T":0},"geometry":{"type":"LineString","coordinates":[[-74.0741955827496,39.9487692636265],[-74.0741957793406,39.9487671900048],[-74.0741959771018,39.9487651163875],[-74.0741961736928,39.9487630427658],[-74.074196371454,39.9487609691484],[-74.0741965692152,39.9487588955311],[-74.0741967669763,39.9487568219137],[-74.0741969647375,39.9487547482964],[-74.0742037995603,39.9486842817411]]}},{"type":"Feature","id":434450,"properties":{"OBJECTID":434450,"PRIMENAME":"Ceylon Avenue","ELEVTYP_F":0,"ELEVTYP_T":0},"geometry":{"type":"LineString","coordinates":[[-74.0860135920449,39.9413882778344],[-74.0876866665802,39.9418158203594]]}},{"type":"Feature","id":434451,"properties":{"OBJECTID":434451,"PRIMENAME":"Bayside Terrace","ELEVTYP_F":0,"ELEVTYP_T":0},"geometry":{"type":"LineString","coordinates":[[-74.0790089886859,39.9488538598346],[-74.0790185783157,39.9487908050584],[-74.0790337665831,39.9487279363411],[-74.0790640064174,39.9486537012193],[-74.0791126532605,39.9485966915127],[-74.0791872680347,39.9485454865698],[-74.0792765837169,39.9484992492226],[-74.079358633098,39.9484745917668],[-74.0794590227327,39.9484606796447],[-74.0795705067677,39.9484582016993],[-74.0796781596189,39.9484757506407],[-74.0797857238402,39.9485076024974],[-74.0799414269684,39.9485653800906],[-74.0800747848185,39.9486316153084],[-74.0802561604786,39.9487438444447],[-74.0804004561204,39.9488472913466],[-74.0805630387424,39.948993714235]]}},{"type":"Feature","id":434452,"properties":{"OBJECTID":434452,"PRIMENAME":"Dewey Drive","ELEVTYP_F":0,"ELEVTYP_T":0},"geometry":{"type":"LineString","coordinates":[[-74.0741955827496,39.9487692636265],[-74.0742121496066,39.9487880836361],[-74.0742303077311,39.9488060123764],[-74.074249978032,39.948822971194],[-74.0742710708743,39.9488388831984],[-74.0742934942323,39.9488536795966],[-74.0743171490469,39.9488672933713],[-74.0743419280225,39.9488796646808],[-74.0743677226649,39.9488907381825],[-74.0743944185894,39.9489004648173],[-74.0744218966908,39.9489088018138],[-74.0744500354897,39.9489157117963],[-74.0752252754634,39.9490271124006],[-74.0761137607637,39.9490926522658],[-74.0762058725274,39.9490851302838],[-74.0762654220298,39.9490653070676],[-74.0763138245412,39.9490483253685],[-74.076354878032,39.9490198957449],[-74.0763848024886,39.9489913984214],[-74.0764012569178,39.9489435513808],[-74.0764092850056,39.9488985945653]]}},{"type":"Feature","id":434459,"properties":{"OBJECTID":434459,"PRIMENAME":"Holiday Road","ELEVTYP_F":0,"ELEVTYP_T":0},"geometry":{"type":"LineString","coordinates":[[-74.0696784237227,39.9496941037283],[-74.0701434235084,39.9497381046484],[-74.0722627422256,39.9499386373112]]}},{"type":"Feature","id":434865,"properties":{"OBJECTID":434865,"PRIMENAME":"Boardwalk","ELEVTYP_F":0,"ELEVTYP_T":0},"geometry":{"type":"LineString","coordinates":[[-74.0715782087169,39.9376252006357],[-74.0712815658416,39.9388798246431],[-74.0704148424782,39.942297504738],[-74.0701959382574,39.9432823787122],[-74.0700309752977,39.9441369485547],[-74.0699511928893,39.9444824008468]]}},{"type":"Feature","id":434866,"properties":{"OBJECTID":434866,"PRIMENAME":"Dewey Drive","ELEVTYP_F":0,"ELEVTYP_T":0},"geometry":{"type":"LineString","coordinates":[[-74.0724944372688,39.9487467534577],[-74.0729037396533,39.9487872214836],[-74.0739410750263,39.9488838739549]]}},{"type":"Feature","id":435318,"properties":{"OBJECTID":435318,"PRIMENAME":"Boardwalk","ELEVTYP_F":0,"ELEVTYP_T":0},"geometry":{"type":"LineString","coordinates":[[-74.0771341189031,39.9127772761346],[-74.0768965300263,39.9140104092902],[-74.0767481216189,39.9148431805789],[-74.0763694461275,39.9169410483005],[-74.0761086479612,39.9183767053391],[-74.075881191047,39.9194320884292],[-74.0755504026831,39.9208202601974],[-74.0753517737912,39.9216772632958],[-74.074822452856,39.9239011701346],[-74.0741422295382,39.9266987024126],[-74.0730750223862,39.931011780167],[-74.0728384439855,39.9320387667183],[-74.0723473802798,39.9340076063318],[-74.071994389592,39.9354882408051],[-74.0719666670914,39.9355711295115],[-74.0717683437348,39.936470529173],[-74.0717364427019,39.9366411915183],[-74.0718657862902,39.936660162695],[-74.0718135871606,39.9368844768816]]}},{"type":"Feature","id":435319,"properties":{"OBJECTID":435319,"PRIMENAME":"Boardwalk","ELEVTYP_F":0,"ELEVTYP_T":0},"geometry":{"type":"LineString","coordinates":[[-74.0717700387692,39.9368802195931],[-74.0715782087169,39.9376252006357]]}},{"type":"Feature","id":435320,"properties":{"OBJECTID":435320,"PRIMENAME":"Boardwalk","ELEVTYP_F":0,"ELEVTYP_T":0},"geometry":{"type":"LineString","coordinates":[[-74.0698345027788,39.9451620495363],[-74.069707733559,39.9458411174871]]}},{"type":"Feature","id":435321,"properties":{"OBJECTID":435321,"PRIMENAME":"Boardwalk","ELEVTYP_F":0,"ELEVTYP_T":0},"geometry":{"type":"LineString","coordinates":[[-74.0695874274618,39.9465231581479],[-74.069341038752,39.947783994688]]}}]}
